Year;2016;2016;2016;2016;2016;2016;2016;2016;2016;2016;2016;2016;2016;2016;2016;2016;2016;2016;2016;2016;2016;2016;2016;2016;2016;2016;2016;2016;2016;2017;2017;2017;2017;2017;2017
Weeknum;25;26;27;28;29;30;31;32;33;34;35;36;37;38;39;40;41;42;43;44;45;46;47;48;49;50;51;52;53;1;2;3;4;5;6
Brand A-UK-17Q3-ATL-SB-talkSPORT Warm Up Partnership;;;;;;;;;;;;;;;;;;;;;;;;;;;;;;;;300;1,252;918;1,050
Brand F-EE-16Q3-ATL-SB-UEFAugust-EE;;112;217;;6;;;;;;;;;;;;;;;;;;;;;;;;;;;;;;
Brand F-EE-16Q4-ATL-SB-ChristmasCal;169;193;;;;;;;;;;;;;;;;;;;;;;;;;;;;;;;;;
Brand F-EE-16Q4-BTL-GEN-XmasCalendar-PU;185;;;;;;;;;;;;;;;;;;;;;;;;;;;;;;;;;;
Brand F-EE-17Q2-ATL-Betsafe-Launch;;;;;;;;;;;;;;;;;;;458;345;;;;;;4;;;;;;;;755;371
Brand F-EE-17Q2-ATL-BetsafeLaunch-Basketball;;;;;;;;;;;;;;;;;;;;;119;;;;;;;;;;;;;;
Brand F-EE-17Q2-ATL-FirstDep-April;;;;;;;;;;;;;;;;;373;225;21;;;;;;;;;;;;;;;;
Brand F-LV-16Q2-ATL-GEN;;;27;;;;;;;;;;;;;;;;;;;;;;;;;;;;;;;;
Brand F-LV-16Q4-BTL-GEN-Xmas;;97;;;;;;;;;;;;;;;;;;;;;;;;;;;;;;;;;
Brand F-LV-16Q4-BTL-GOC;219;;;;;;;;;;;;;;;;;;;;;;;;;;;;;;;;;;
Brand F-LV-16Q4-BTL-GOC-LV-PU;;126;;;;;;;;;;;;;;;;;;;;;;;;;;;;;;;;;
Brand F-LV-16Q4-BTL-SB;361;;;;;;;;;;;;;;;;;;;;;;;;;;;;;;;;;;
NO-NO-17Q1-ATL-GOC-Video-March;;;;;;;;;116;255;334;224;157;504;;;;;;;;;;;;;;;;;;;;;
Brand A-FI-16Q4-BTL-GOC-CA;3,316;1,961;;;;;;;;;;;;;;;;;;;;;;;;;;;;;;;;;
Brand B-BR-16Q4-BTL-SB-BetGenius;7,404;3,222;;;;;;;;;;;;;;;;;;;;;;;;;;;;;;;;;
Brand B-BR-17Q1-BTL-GOC;;;;;;;;;;7,436;8,192;1,845;;;;;;;;;;;;;;;;;;;;;;;
Brand B-BR-17Q1-BTL-SB;;;;;;;;;5,213;8,417;8,822;;;;;;;;;;;;;;;;;;;;;;;;
Brand B-DE-16Q4-ATL-SB-Ankomm;3,038;10,859;6,008;3,159;1,965;857;2,111;2,316;794;;;;;;;;;;;;;;;;;;;;;;;;;;
Brand B-DE-17Q1-ATL-SB-Ankomm-Feb;;;;;;2,820;7,398;8,022;12,920;4,746;7,988;705;362;939;2,144;399;822;;;;;248;;;;638;;;;;;;;;
Brand B-DE-17Q2-ATL-GOC-BetssonCasino;;;;;;;;;;;;;;;;;;;;;;;;;5,900;13,503;14,411;11,544;3,525;431;;;;;
Brand B-DE-17Q2-ATL-SB-Ankomm;;;;;;;;;;;;;;4,808;12,542;18,375;15,741;18,809;15,516;12,327;12,023;2,684;;;;;;;;;;;;;
Brand B-DE-17Q2-BTL-SB;;;;;;;;;;;;;;;;;;;;;;;;;;24,368;38,181;36,647;46,734;55,284;65,300;68,859;67,566;72,048;52,907
Brand B-FI-16Q4-ATL-GEN-AIP;13,091;7,371;3,843;3,080;1,874;;;;;;;;;;;;;;;;;;;;;;;;;;;;;;
Brand B-FI-16Q4-ATL-SB-METRO;;1,590;852;;857;1,269;215;;;;779;;;;;;;821;;;;86;;;;;;;;;;1,145;711;;881
Brand B-FI-16Q4-BTL-GOC-WB;14,433;6,588;;;;;;;;;;;;;;;;;;;;;;;;;;;;;;;;;
Brand B-FI-16Q4-BTL-GOC-WB-DeltaProjects;3,315;401;;;;;;;;;;;;;;;;;;;;;;;;;;;;;;;;;
Brand B-FI-16Q4-BTL-SB-DF;22,173;8,508;;;;;;;;;;;;;;;;;;;;;;;;;;;;;;;;;
Brand B-FI-17Q1-ATL-GEN;;626;5,940;14,946;17,297;12,521;5,993;8,463;11,118;21,035;28,688;37,443;22,109;22,361;27,182;27,900;25,800;16,268;15,375;18,587;17,702;20,130;17,211;15,432;17,948;14,372;21,419;24,950;19,416;24,774;22,397;30,296;32,987;49,050;29,378
Brand B-FI-17Q1-BTL-GOC-Delta+Rocketfuel;;45,690;49,947;68,631;60,050;75,363;73,896;72,285;55,434;76,320;52,484;1,661;;;;;;;;;;;;;;;;;;;;;;;
Brand B-FI-17Q1-BTL-SB-Bet-Genuis+Delta;;12,219;38,514;31,613;38,934;37,193;35,354;38,588;36,029;39,719;18,809;1,484;;;;;;;;;;;;;;;;;;;;;;;
Brand B-FI-17Q2-BTL-GOC;;;;;;;;;;;;;;;;;;;;;;;5,213;18,762;22,667;30,471;26,051;23,913;23,748;30,335;36,030;31,728;28,431;29,058;24,446
Brand B-FI-17Q2-BTL-SB;;;;;;;;;;;;;;20,958;50,615;42,171;36,530;30,680;42,156;36,821;45,431;39,480;39,704;23,588;20,156;13,388;18,375;21,113;26,522;29,999;29,754;41,988;38,811;34,434;27,605
Brand B-NO-16Q4-ATL-VID-Christmas;2,408;;857;;;;;;;;;;;;;;;;;;;;;;;;;;;;;;;;
Brand B-NO-16Q4-BTL-GOC-PU;188;;;;;;;;;;;;;;;;;;;;;;;;;;;;;;;;;;
Brand B-NO-16Q4-BTL-GOC-WB-DeltaProjects;876;;741;;471;968;1,775;;;;;;;;;;;;;;;;;;;;;;;;;;;;
Brand B-NO-16Q4-BTL-GOC-WelcomeBonus;22,772;10,239;;;;;;;;;;;;;;;;;;;;;;;;;;;;;;;;;
Brand B-NO-16Q4-BTL-SB-WB-DeltaProjects;6,579;5,858;7,590;9,069;7,686;1,293;1,445;1,112;;;;;;;;;;;;;;;;;;;;;;;;;;;
Brand B-NO-16Q4-BTL-SB-WelcomeBonus;15,561;5,549;;;;;;;;;;;;;;;;;;;;;;;;;;;;;;;;;
Brand B-NO-17Q1-ATL-GOC-LottoVid;;;;1,196;2,501;6,609;10,083;5,031;6,129;5,382;1,649;;;;;;;;;;;;;;;;;;;;;;;;
Brand B-NO-17Q1-ATL-GOC-OnlineVid-MarW10-13;;;;;;;;;;1,836;8,465;12,335;9,479;7,005;;;;;;;;;;;;;;;;;;;;;
Brand B-NO-17Q1-ATL-SB-Superweekend-VID;663;4,856;5,069;5,568;3,012;;;;;;;;;;;;;;;;;;;;;;;;;;;;;;
Brand B-NO-17Q1-BTL-GOC-WelcomeBonus;5,126;46,658;63,453;63,969;72,978;69,680;61,845;66,986;60,915;53,424;62,238;53,576;20,397;;;;;;;;;;;;;;;;;;;;;;
Brand B-NO-17Q1-BTL-SB-WB-DeltaProjects;4,191;17,823;17,660;16,020;18,698;21,125;11,144;7,770;;;;;;;;;;;;;;;;;;;;;;;;;;;
Brand B-NO-17Q1-BTL-SB-WB-RF;;;;;;5,583;30,921;43,799;39,711;41,514;25,904;;302;22,758;5,106;;;;;;;;;;;;;;;;;;;;
Brand B-NO-17Q2-ATL-GOC-Viafree;;;;;;;;;;;;;;3,213;10,559;8,393;8,918;1,968;;;;;;;;;;;;;;;;;
Brand B-NO-17Q2-ATL-June-Viafree-Week-23-26;;;;;;;;;;;;;;;;;;;;;;;2,958;9,966;7,293;8,349;7,629;1,106;;;;;;;
Brand B-NO-17Q2-ATL-May-Viafree-Week-19-22;;;;;;;;;;;;;;;;;;;2,175;11,264;10,484;9,221;10,943;1,875;;;;;;;;;;;
Brand B-NO-17Q2-ATL-PGM-GOC-Salary;;;;;;;;;;;;;;;;;;;;;;;;27,471;53,961;49,847;26,339;1,749;;;;;;;
Brand B-NO-17Q2-ATL-PGM-GOC-TourdeFrance;;;;;;;;;;;;;;;;;;;;;;;;;;;33,507;44,283;35,037;17,405;933;;;;
Brand B-NO-17Q2-ATL-PGM-SB-16thMay-RF;;;;;;;;;;;;;;;;;;;;5,195;17,567;;;;;;;;;;;;;;
Brand B-NO-17Q2-ATL-PGM-SB-Bet with Your Heart;;;;;;;;;;;;;;;;;;;;;;;;24,327;4,994;;;;;;;;;;
Brand B-NO-17Q2-ATL-PGM-SB-CLFinal;;;;;;;;;;;;;;;;;;;;;;10,164;42,149;9,780;;;;;;;;;;;
Brand B-NO-17Q2-ATL-PGM-SB-Europa League-RF;;;;;;;;;;;;;;;;;;;;;4,635;17,694;;;;;;;;;;;;;
Brand B-NO-17Q2-ATL-PGM-SB-NOvsSV;;;;;;;;;;;;;;;;;;;;;;20,216;35,079;22,484;4,995;;;;;;;;;;
Brand B-NO-17Q2-ATL-PGM-VIDEO-Limousine;;;;;;;;;;;;;;;;;;;;;;;;;;;1,830;4,095;10,205;13,593;8,451;1,248;126;;
Brand B-NO-17Q2-ATL-SB-Livescore;;;;;;;;;;;;;;;;1,037;6,363;7,454;9,285;10,316;11,097;9,759;7,436;9,678;7,754;4,125;6,444;5,982;9,978;6,930;4,761;3,449;6,705;5,724;6,168
Brand B-NO-17Q2-ATL-Viafree-April-Week17-18;;;;;;;;;;;;;;;;;3,767;8,331;9,683;3,374;461;;;;;;;;;;;;;;
Brand B-NO-17Q2-Q4-BTL-GOC-RF;;;;;;;;;;;;;;8,552;30,534;37,796;41,402;22,982;39,849;29,508;31,502;19,827;14,951;13,800;17,601;14,540;9,852;18,888;28,166;28,298;30,779;23,705;18,447;22,082;24,135
Brand B-NO-17Q2-Q4-BTL-SB-RF;;;;;;;;;;;;;;12,365;42,756;28,716;36,960;32,199;32,654;28,493;31,935;18,950;18,522;19,526;21,777;26,802;20,532;22,815;22,616;13,961;14,391;23,805;25,728;36,146;31,820
Brand B-NO-17Q3-ATL-Aug-Viafree week 33-35;;;;;;;;;;;;;;;;;;;;;;;;;;;;;;;;;557;1,428;1,316
Brand B-NO-17Q3-ATL-AUG-Viafree-w31-32;;;;;;;;;;;;;;;;;;;;;;;;;;;;;;;294;4,485;1,890;644;
Brand B-NO-17Q3-ATL-July-Viafree week 27-30;;;;;;;;;;;;;;;;;;;;;;;;;;;;2,982;5,313;6,354;1,464;;;;
Brand B-NO-17Q3-ATL-PGM-Riise;;;;;;;;;;;;;;;;;;;;;;;;;;;;;;;;;20,856;4,653;
Brand B-NO-17Q3-ATL-PGM-Riise-End Of August;;;;;;;;;;;;;;;;;;;;;;;;;;;;;;;;;3,885;28,533;30,551
Brand B-NO-17Q3-ATL-PGM-SB-RF-Video-Mobilodds;;;;;;;;;;;;;;;;;;;;;;;;;;;;;;;;;1,935;11,144;10,310
Brand B-PE-16Q4-BTL-GOC;5,276;1,973;;;;;;;;;;;;;;;;;;;;;;;;;;;;;;;;;
Brand B-PE-16Q4-BTL-GOC-Xmas;8,391;1,572;;;;;;;;;;;;;;;;;;;;;;;;;;;;;;;;;
Brand B-PE-16Q4-BTL-SB;9,027;3,957;;;;;;;;;;;;;;;;;;;;;;;;;;;;;;;;;
Brand B-PE-17Q1-ATL-Apuesta-Con-El-Corazon;;;;;;;;;;;;2,300;30,224;17,304;452;;;;;;;;;;;;;;;;;;;;
Brand B-PE-17Q1-ATL-SB-TorneosEuropeos;;;;236;1,019;4,080;6,033;3,567;1,221;4,116;2,613;1,329;201;;;;;;;;;;;;;;;;;;;;;;
Brand B-PE-17Q1-ATL-SB-TorneosPeruano;;;;;;830;6,216;5,847;4,539;8,607;5,966;7,781;5,448;3,197;;;;;;;;;;;;;;;;;;;;;
Brand B-PE-17Q1-BTL-GOC;1,539;24,521;26,729;28,995;30,891;31,803;34,535;38,694;35,588;35,789;24,918;29,619;36,831;20,175;5,741;;;;;;;;;;;;;;;;;;;;
Brand B-PE-17Q1-BTL-SB;;5,906;10,217;11,433;17,006;22,475;21,956;21,000;21,603;20,474;17,048;20,105;33,405;12,282;2,499;;;;;;;;;;;;;;;;;;;;
Brand B-PE-17Q2-ATL-Apuesta_Con_El CorazÃ³n;;;;;;;;;;;;;;;;;;;;;;;1,296;17,801;10,832;;;;;;;;;;
Brand B-PE-17Q2-ATL-ChampionsLeagueFinals;;;;;;;;;;;;;;;;;;;;;;;23,252;11,262;;;;;;;;;;;
Brand B-PE-17Q2-ATL-SB-TorneoLocal;;;;;;;;;;;;;;;;9,105;6,962;11,553;3,864;;;;;;;;;;;;;;;;
Brand B-PE-17Q2-ATL-SB-Torneo-Local;;;;;;;;;;;;;;;;;;;;2,250;4,647;5,855;2,963;;;;;;;;;;;;
Brand B-PE-17Q2-ATL-SB-TorneosEuropeos;;;;;;;;;;;;;;;1,176;17,759;15,198;4,242;11,591;9,015;;;;;;;;;;;;;;;
Brand B-PE-17Q2-ATL-SB-TorneosEuropeos2;;;;;;;;;;;;;;;;;;1,056;8,841;920;;;;;;;;;;;;;;;
Brand B-PE-17Q2-ATL-Torneo-Local;;;;;;;;;;;;;;;;;;;;;;;;;;9,320;6,836;5,322;5,501;11,208;5,886;;;;
Brand B-PE-17Q2-BTL-GOC;;;;;;;;;;;;;;9,225;36,861;26,840;4,671;12,786;33,267;38,700;35,535;41,963;24,687;;;;;;;;;;;;
Brand B-PE-17Q2-Q4-BTL-SB;;;;;;;;;;;;;;8,552;28,731;43,271;26,843;15,446;19,437;18,260;20,877;25,832;49,523;39,620;12,249;;24,158;43,319;38,694;33,107;44,759;53,544;42,252;33,038;33,465
Brand B-PE-17Q3-ATL-Torneo_Local;;;;;;;;;;;;;;;;;;;;;;;;;;;;;;;;;10,877;19,241;8,481
Brand B-PL-16Q4-ATL-SB-Streaming Websites;6,777;10,130;4,454;2,844;;;;;;;;;;;;;;;;;;;;;;;;;;;;;;;
Brand B-PL-16Q4-BTL-SB-DF;15,893;5,660;;;;;;;;;;;;;;;;;;;;;;;;;;;;;;;;;
Brand B-PL-17Q1-ATL-SB-Events;;;;;;4,326;38,627;59,375;51,342;51,633;47,775;46,245;51,518;23,094;;;;;;;;;;;;;;;;;;;;;
Brand B-PL-17Q1-ATL-SB-WelcomeBonus;;;;;;1,982;1,617;;;;;;;;;;;;;;;;;;;;;;;;;;;;
Brand B-PL-17Q1-BTL-SB;;45,447;51,764;72,266;60,965;62,462;94,401;90,329;82,928;85,451;76,709;74,459;65,150;32,492;1,592;;;;;;;;;;;;;;;;;;;;
Brand B-SE-16Q1-ATL-SB-Native-February_Mars;452;612;4,287;1,745;687;;;;;;;;;;;;;;;;;;;;;;;;;;;;;;
Brand B-SE-16Q4-ATL-GOC-SB-Programmatic-Dec;25,536;3,593;;;;;;;;;;;;;;;;;;;;;;;;;;;;;;;;;
Brand B-SE-16Q4-ATL-SB-JuniorHockey-VM;8,159;7,479;2,526;779;;;;;;;;;;;;;;;;;;;;;;;;;;;;;;;
Brand B-SE-16Q4-ATL-SB-PL;14,526;9,996;;;;;;;;;;;;;;;;;;;;;;;;;;;;;;;;;
Brand B-SE-16Q4-ATL-SB-PL-Viasatsport;4,556;5,318;6,462;7,143;1,416;557;;;;;;;;;;;;;;;;;;;;;;;;;;;;;
Brand B-SE-16Q4-ATL-SB-WTV-JVM;2,708;407;;;;;;;;;;;;;;;;;;;;;;;;;;;;;;;;;
Brand B-SE-16Q4-ATL-SB-WTV-PL-Continuity;5,898;4,817;;;;;;;;;;;;;;;;;;;;;;;;;;;;;;;;;
Brand B-SE-16Q4-BTL-GOC-WB;24,114;7,719;;;;;;;;;;;;;;;;;;;;;;;;;;;;;;;;;
Brand B-SE-16Q4-BTL-SB-WelcomeBonus;27,695;21,128;773;;;;;;;;;;;;;;;;;;;;;;;;;;;;;;;;
Brand B-SE-17Q1-ATL-GOC-Payday;;;;;;;;;9,212;6,396;1,092;;8,162;4,862;1,560;;;;;;;;;;;;;;;;;;;;
Brand B-SE-17Q1-ATL-GOC-RockMonth;;;4,806;39,704;43,467;9,641;;;;;;;;;;;;;;;;;;;;;;;;;;;;;
Brand B-SE-17Q1-ATL-GOC-Schlagermiljonen;;;;;;;11,405;15,386;15,636;11,799;13,931;5,942;444;;;;;;;;;;;;;;;;;;;;;;
Brand B-SE-17Q1-ATL-GOC-Trump2;;;;6,986;3,716;608;;;;;;;;;;;;;;;;;;;;;;;;;;;;;
Brand B-SE-17Q1-ATL-SB-Allsvenskan;;;;;;;;;;;;;17,966;75,024;59,984;16,949;;;;;;;;;;;;;;;;;;;
Brand B-SE-17Q1-ATL-SB-BetssonPlaytime-Fifa;;;;18;5,882;16,437;16,854;20,087;26,147;17,579;980;;;;;;;;;;;;;;;;;;;;;;;;
Brand B-SE-17Q1-ATL-SB-CL;;;;;;;4,577;10,766;1,902;;;;;;;;;;;;;;;;;;;;;;;;;;
Brand B-SE-17Q1-ATL-SB-FA-LiveStream;;22,875;32,766;7,335;32,670;8,388;;;;;;;;;;;;;;;;;;;;;;;;;;;;;
Brand B-SE-17Q1-ATL-SB-HandbollsVM;;;26,906;32,640;8,844;1,257;2,759;1,230;1,463;1,224;92;6,240;4,535;2,883;923;3,683;1,247;1,364;473;681;635;1,661;1,778;4,403;1,826;1,301;971;3,137;942;3,561;285;1,014;636;563;
Brand B-SE-17Q1-ATL-SB-HandbollsVM-OLV;;;1,857;2,697;3,111;2,094;;;;;;;;;;;;;;;;;;;;;;;;;;;;;
Brand B-SE-17Q1-ATL-SB-JuniorHockey-VM;3,749;8,156;2,939;;;;;;;;;;;;;;;;;;;;;;;;;;;;;;;;
Brand B-SE-17Q1-ATL-SB-Native;;;;;1,635;1,796;2,499;5,312;6,066;1,034;2,235;2,615;1,545;2,789;;636;;;;;;;;;;;;;;;;;;;
Brand B-SE-17Q1-ATL-SB-PL1;;;;;17,432;63,155;45,411;14,472;18,480;48,897;40,841;38,894;16,628;545;;;;;;;;;;;;;;;;;;;;;
Brand B-SE-17Q1-ATL-SB-RoadToRussia-VM-KVAL;;;;;;;;;;;;;61,170;28,217;2,010;;;;;;;;;;;;;;;;;;;;
Brand B-SE-17Q1-ATL-WTV-Mello;;;;;;7,364;11,274;6,450;12,306;1,944;;;;;;;;;;;;;;;;;;;;;;;;;
Brand B-SE-17Q1-BTL-GOC;9,254;60,936;73,949;73,818;65,240;73,773;70,568;61,554;65,325;61,847;76,158;72,194;79,227;58,041;10,656;635;;;;;;;;;;;;;;;;;;;
Brand B-SE-17Q1-BTL-SB;4,392;81,752;82,551;90,656;85,413;86,109;102,554;110,007;100,911;99,035;125,286;108,249;86,270;62,054;3,497;;;;;;;;;;;;;;;;;;;;
Brand B-SE-17Q2-ATL-GOC-Payday;;;;;;;;;;;;;;;;;3,765;8,987;4,232;;2,114;17,417;5,567;;;11,405;4,601;;;1,020;7,008;45;;;11,859
Brand B-SE-17Q2-ATL-PMP-GOC-NorgevsSverige;;;;;;;;;;;;;;;;;;;;;6,212;38,282;39,950;18,900;;;;;;;;;;;
Brand B-SE-17Q2-ATL-SB-9Juni-VM;;;;;;;;;;;;;;;;;;;;;;;;24,146;11,997;567;;;;;;;;;
Brand B-SE-17Q2-ATL-SB-Allsvenskan-SchibstedStudy;;;;;;;;;;;;;;;;2,078;34,040;23,067;2,553;;;;;;;;;;;;;;;;
Brand B-SE-17Q2-ATL-SB-CL;;;;;;;;;;;;;;;;;;;8,271;24,857;2,162;;16,545;6,810;;;;;;;;;;;
Brand B-SE-17Q2-ATL-SB-CL-EL;;;;;;;;;;;;;;;;;;932;15,159;9,374;1,965;3,671;2,936;2,352;;;;;;;;;;;
Brand B-SE-17Q2-ATL-SB-Lansering-Sarah;;;;;;;;;;;;;;;;;;;;7,496;37,049;29,475;11,933;1,212;;;;;;1,175;3,140;1,058;;;
Brand B-SE-17Q2-ATL-SB-Performance_Schibsted;;;;;;;;;;;;;;;;;;;;;;;;;4,670;31,922;39,438;25,239;;;;;;;
Brand B-SE-17Q2-ATL-SB-PL;;;;;;;;;;;;;;3,765;13,437;21,041;26,081;24,830;23,925;18,495;7,475;;;;;;;;;;;;;;
Brand B-SE-17Q2-ATL-SB-Salery-Bokad;;;;;;;;;;;;;;;;;;;;;;;;;1,997;4,803;;;;;;;;;
Brand B-SE-17Q2-ATL-SB-Salery-Programmatic;;;;;;;;;;;;;;;;;;;;;;;;;14,847;37,187;38,550;6,306;;;;;;;
Brand B-SE-17Q2-ATL-SB-WTV-Continuity-April;;;;;;;;;;;;;;;1,596;6,680;12,074;9,101;3,230;;;;;;;;;;;;;;;;
Brand B-SE-17Q2-BTL-GOC;;;;;;;;;;;;;;24,681;49,442;41,166;47,069;68,001;51,953;35,112;38,292;42,002;25,326;34,496;39,857;52,091;24,212;3,282;;;;;;;
Brand B-SE-17Q2-BTL-SB;;;;;;;;;;;;;;15,105;60,908;74,742;72,282;69,636;70,941;57,084;55,577;42,848;40,989;32,115;21,258;27,152;21,315;5,496;960;1,638;5,202;2,334;;;
Brand B-SE-17Q2-SB-ATL-Maj-VM;;;;;;;;;;;;;;;;;;;;;19,587;3,848;;;;;;;;;;;;;
Brand B-SE-17Q3-ATL-SB-DAM_EM;;;;;;;;;;;;;;;;;;;;;;;;;;;;;8,448;14,261;2,099;;;;
Brand B-SE-17Q3-ATL-SB-PL;;;;;;;;;;;;;;;;;;;;;;;;;;;;;;;;8,822;8,933;5,574;3,552
Brand B-SE-17Q3-ATL-SB-Sarah Kontextuell;;;;;;;;;;;;;;;;;;;;;;;;;;3,228;10,859;14,789;16,263;45,956;53,294;23,022;912;;
Brand B-SE-17Q3-ATL-SB-Sarah Native;;;;;;;;;;;;;;;;;;;;;;;;;;;;;;542;3,812;2,534;759;;
Brand B-SE-17Q3-ATL-SB-Sarah SIM-VM_1;;;;;;;;;;;;;;;;;;;;;;;;;;;;;;3,717;4,089;729;;;
Brand B-SE-17Q3-ATL-SB-Sarah SjÃ¶strÃ¶m Sportbladet OLV;;;;;;;;;;;;;;;;;;;;;;;;;;;;;4,551;10,644;6,884;774;;;
Brand B-SE-17Q3-BTL-GOC-Casino Retargeting;;;;;;;;;;;;;;;;;;;;;;;;;;;;;;;17,247;73,245;74,282;84,324;59,643
Brand B-SE-17Q3-BTL-SB-Sportsbook Retargeting;;;;;;;;;;;;;;;;;;;;;;;;;;;;32,073;73,418;86,495;73,746;46,607;43,083;32,031;28,457
Brand A-DK-15Q4-ATL-Display-NFL;;;750;;;804;;;;;;;;;;;;;;;;;;;;;;;;;;;;;
Brand A-EE-17Q2-Q4-BTL-GOC-EE;;;;;;;;;;;;;;785;2,459;2,267;89;1,658;7,539;4,854;1,758;2,262;8,039;2,790;612;5,621;1,097;1,070;2,310;647;5,670;3,956;5,216;13,805;19,700
Brand A-EE-17Q2-Q4-BTL-GOC-RU;;;;;;;;;;;;;;;;;;924;2,763;587;;;930;;;1,392;1,421;;2,211;474;1,418;3,831;1,365;13,749;19,512
Brand A-EE-17Q2-Q4-BTL-POK-EE;;;;;;;;;;;;;;;;;5,681;3,191;1,437;356;;1,509;821;371;1,794;4,449;1,079;999;1,497;1,002;42;1,536;2,906;14,291;18,234
Brand A-EE-17Q2-Q4-BTL-POK-RU;;;;;;;;;;;;;;;;;;518;417;3,282;1,475;1,782;336;;;3,648;1,572;;776;1,683;306;2,366;2,226;10,497;16,283
Brand A-EE-17Q3-BTL-SB-Flashscore;;;;;;;;;;;;;;;;;;;;;;;;;;;;;;;;1,112;;854;1,308
Brand A-EE-17Q3-Q4-BTL-GOC-PU;;;;;;;;;;;;;;;;;;;;;;;;;;;;;;288;1,034;1,553;4,050;3,944;3,339
Brand A-EE-17Q3-Q4-BTL-POK-PU;;;;;;;;;;;;;;;;;;;;;;;;;;;;;;;2,582;909;1,142;4,857;3,009
Brand A-EE-Q3-BTL-SB-OddsRetargeting;;;;;;;;;;;;;;;;;;;;;;;;;;;;;;;;;;2,550;7,272
Brand A-FI-16Q1-ATL-SB;1,140;4,329;1,473;923;444;3,509;1,404;890;225;2,372;;;;365;;704;470;;;;;;;2,220;839;902;;;1,064;;1,818;2,270;1,257;1,547;228
Brand A-FI-16Q4-ATL-GOC-WelcomeOffer-Dec;7,914;16,587;6,107;10,427;2,664;;446;7,050;6,989;6,029;12,938;10,454;12,011;6,719;1,194;;;;;;;;;;;;;;;;;;;;
Brand A-FI-16Q4-ATL-SB-Christmas;34,982;28,659;26,468;21,555;6,825;;;;;;;;;;;;;;;;;;;;;;;;;;;;;;
Brand A-FI-16Q4-ATL-SB-WelcomeOffer-Dec;5,990;14,928;23,318;14,670;5,393;;;;;;;;;;;;;;;;;;;;;;;;;;;;;;
Brand A-FI-16Q4-BTL-GOC-Brand F;43,410;21,830;;;;;;;;;;;;;;;;;;;;;;;;;;;;;;;;;
Brand A-FI-16Q4-BTL-SB-DF;38,028;17,927;;;;;;;;;;;;;;;;;;;;;;;;;;;;;;;;;
Brand A-FI-16Q4-BTL-SB-WB-DeltaProjects;11,318;5,373;;;;;;;;;;;;;;;;;;;;;;;;;;;;;;;;;
Brand A-FI-17Q1-ATL-GOC;;;;1,688;7,119;14,163;15,533;10,154;3,483;9,279;10,043;5,349;11,333;14,960;12,599;9,824;7,017;5,460;9,998;6,629;9,875;7,377;6,368;7,208;3,371;4,643;4,683;7,428;7,673;10,920;11,255;8,396;10,998;14,343;13,346
Brand A-FI-17Q1-ATL-SB;;;;9,647;43,574;60,224;51,960;57,461;49,121;45,545;48,159;53,459;50,301;54,708;42,915;28,983;31,458;22,356;30,168;20,787;22,593;18,038;22,616;18,180;19,196;20,826;17,901;14,838;24,107;22,310;17,949;23,922;25,200;29,417;40,476
Brand A-FI-17Q1-ATL-SB-NHLFree;;;;;;;2,081;21,605;27,429;32,105;11,904;18,975;20,924;19,713;3,069;;;;;;;;;;;;;;;;;;;;
Brand A-FI-17Q1-ATL-SB-Superbowl;;;;;;16,424;11,210;687;;;;;;;;;;;;;;;;;;;;;;;;;;;
Brand A-FI-17Q1-BTL-GOC;;16,446;71,922;84,084;118,110;118,599;117,495;116,351;104,952;73,100;;;;;;;;;;;;;;;;;;;;;;;;;
Brand A-FI-17Q1-BTL-SB;;8,313;41,924;68,229;105,218;77,292;50,829;21,137;591;;;;;;;;;;;;;;;;;;;;;;;;;;
Brand A-FI-17Q2-BTL-GOC;;;;;;;;;;;;;;72,432;114,702;110,126;74,123;52,215;56,223;67,536;58,067;48,702;42,888;40,151;40,776;41,360;43,175;52,160;57,788;69,087;65,214;64,992;75,435;89,169;132,846
Brand A-IE-17Q1-BTL-GOC;;;1,538;5,429;3,609;;;;;;;;;;;;;;;;;;;;;;;;;;;;;;
Brand A-IE-17Q1-BTL-SB;;;21,170;41,232;41,069;34,412;33,192;33,342;36,797;36,083;7,596;;;;;;;;;;;;;;;;;;;;;;;;
Brand A-LV-17Q2-ATL-SB-Launch;;;;;;;;;;;;;;;;;;;12,555;11,397;6,267;6,923;4,311;13,929;6,338;3,915;8,322;10,920;6,531;6,786;1,671;4,134;7,074;6,233;3,905
Brand A-LV-17Q2-BTL-GOC-LV;;;;;;;;;;;;;;;8,084;5,973;13,508;8,661;12,138;9,987;5,186;4,602;5,616;3,402;10,820;431;2,283;4,770;4,304;6,029;5,196;5,711;12,686;17,700;16,160
Brand A-LV-17Q2-BTL-GOC-RU;;;;;;;;;;;;;;;1,046;291;4,770;1,446;3,869;1,191;2,022;2,204;1,437;3,506;585;567;275;827;941;;722;653;;2,303;4,712
Brand A-LV-17Q2-BTL-POK-LV;;;;;;;;;;;;;;888;10,443;12,540;9,545;7,055;10,895;7,149;10,760;2,357;5,399;4,442;1,715;4,550;2,946;2,049;3,084;5,135;1,274;5,145;1,922;6,743;11,418
Brand A-LV-17Q2-BTL-POK-RU;;;;;;;;;;;;;;;3,758;4,317;4,587;4,346;6,965;4,341;2,970;2,223;2,699;2,958;281;3,764;;2,691;3,168;2,060;786;1,910;152;285;5,202
Brand A-LV-17Q2-BTL-SB-LV;;;;;;;;;;;;;;;3,039;9,453;10,956;8,364;4,565;8,660;4,982;695;3,272;5,705;4,745;2,001;2,184;3,707;2,669;3,093;2,526;3,287;1,731;16,731;29,432
Brand A-LV-17Q2-Q3-BTL-SB-RU;;;;;;;;;;;;;;;594;2,366;1,398;1,781;1,961;4,400;2,024;267;1,775;;1,680;939;;3,402;2,439;;4,692;;3,456;6,428;14,318
Brand A-LV-17Q3-ATL-AllProducts;;;;;;;;;;;;;;;;;;;;;;;;;;;;;;;;;3,743;6,390;26,288
Brand A-LV-17Q3-BTL-SB-Flashscore;;;;;;;;;;;;;;;;;;;;;;;;;;;;;;;;;;3,834;536
Brand A-LV-17Q3-Q4-BTL-GOC-PU;;;;;;;;;;;;;;;;;;;;;;;;;;;;;;;1,952;3,333;2,394;3,765;4,931
Brand A-LV-17Q3-Q4-BTL-POK-PU;;;;;;;;;;;;;;;;;;;;;;;;;;;;;;441;3,903;5,552;3,269;4,556;1,842
Brand A-NO-16Q4-BTL-GEN-Xmas;8,994;3,710;;;;;;;;;;;;;;;;;;;;;;;;;;;;;;;;;
Brand A-NO-16Q4-BTL-GOC-WB;35,492;10,973;;;;;;;;;;;;;;;;;;;;;;;;;;;;;;;;;
Brand A-NO-16Q4-BTL-SB-WB;33,570;11,730;;;;;;;;;;;;;;;;;;;;;;;;;;;;;;;;;
Brand A-NO-17Q1-ATL-GOC-Viafree;;;;;;;;;;;8,550;13,083;10,566;9,366;1,545;;;;;;;;;;;;;;;;;;;;
Brand A-NO-17Q1-BTL-GOC;;40,832;78,105;88,653;87,431;81,018;81,506;78,792;71,804;60,375;42,536;;;;;;;;;;;;;;;;;;;;;;;;
Brand A-NO-17Q1-BTL-SB;;53,877;88,251;89,115;112,448;99,977;107,330;88,890;92,763;99,428;67,170;3,528;;;;;;;;;;;;;;;;;;;;;;;
Brand A-NO-17Q2-17Q4-ATL-GOC-Progammatic VÃ¤lkomst Casino;;;;;;;;;;;;;;;;;;;;;;;;;;854;4,793;14,183;16,311;10,377;9,627;14,330;13,353;11,306;33,870
Brand A-NO-17Q2-17Q4-ATL-SB-Progammatic VÃ¤lkomst Sportsbook;;;;;;;;;;;;;;;;;;;;;;;;;;;984;923;1,931;1,826;606;5,544;5,469;34,925;46,428
Brand A-NO-17Q2-ATL-SB-Kampland;;;;;;;;;;;;;;;;;;;;;;2,963;876;2,136;545;2,855;834;2,921;;;;;;;
Brand A-NO-17Q2-ATL-SB-Livescore;;;;;;;;;;;;;;1,922;8,238;14,022;13,059;13,281;17,529;12,123;7,073;8,987;10,592;8,070;6,095;7,134;9,137;10,311;12,086;12,471;7,293;5,498;11,106;14,111;9,038
Brand A-NO-17Q2-ATL-SB-UFC-W21;;;;;;;;;;;;;;;;;;;;;;1,185;4,847;;;;;;;;;;;;
Brand A-NO-17Q2-ATL-SB-Viafree-W15-16;;;;;;;;;;;;;;;2,370;16,803;6,525;3,579;;;;;;;;;;;;;;;;;
Brand A-NO-17Q2-ATL-SB-Viafree-W23-26;;;;;;;;;;;;;;;;;;;;;;;1,313;8,748;5,774;2,022;3,881;;;;;;;;
Brand A-NO-17Q2-BTL-GOC;;;;;;;;;;;;;;;;;12,740;21,419;31,973;8,991;;;;;;;;;;;;;;;
Brand A-NO-17Q2-BTL-SB;;;;;;;;;;;;;;;;;13,745;35,237;37,893;8,531;;;;;;;;;;;;;;;
Brand A-NO-17Q2-Q4-BTL-GEN;;;;;;;;;;;;;;39,363;64,790;74,028;35,954;1,659;7,256;49,394;79,494;97,929;86,717;88,145;91,211;73,461;80,853;87,936;95,904;96,522;71,148;34,376;;;
Brand A-NO-17Q3-ATL-OLV-Viafree;;;;;;;;;;;;;;;;;;;;;;;;;;;1,749;3,609;3,140;1,926;375;;;;
Brand A-NO-17Q3-ATL-OLV-Viafree w32-34;;;;;;;;;;;;;;;;;;;;;;;;;;;;;;;;;4,280;8,007;18,816
Brand A-NO-17Q3-Q4-BTL-GOC-BG;;;;;;;;;;;;;;;;;;;;;;;;;;;;;;;818;34,247;37,230;32,324;57,278
Brand A-NO-17Q3-Q4-BTL-SB-BG;;;;;;;;;;;;;;;;;;;;;;;;;;;;;;;1,923;19,494;43,631;34,364;89,918
Brand A-PL-16Q3-ATL-SB-All;;;;;;;;;423;1,539;2,295;;;;;;;;353;;;;;;;;;;;;;;;;
Brand A-PL-16Q4-ATL-SB-GoalsForPolish;5,267;11,670;5,708;;;;;;;;;;;;;;;;;;;;;;;;;;;;;;;;
Brand A-PL-16Q4-ATL-SB-ManCity Welcome offer;4,892;3,282;1,772;3,954;1,385;;;;;;;;;;;;;;;;;;;;;;;;;;;;;;
Brand A-PL-16Q4-BTL-SB-DF;29,894;8,001;;;;;;;;;;;;;;;;;;;;;;;;;;;;;;;;;
Brand A-PL-17Q1-ATL-SB-WelcomeBonus;;;;;;2,175;6,560;12,813;16,620;10,827;14,967;14,675;12,161;3,740;;;;;;;;;;;;;;;;;;;;;
Brand A-PL-17Q1-BTL-SB-DF;;39,972;57,903;77,585;92,636;73,232;78,381;96,848;76,001;82,173;57,630;3,995;;;;;;;;;;;;;;;;;;;;;;;
Brand A-SE-16Q4-ATL-SB-CL;;;;;;753;530;;;;;;;;;;;;;;;;;;;;;;;;;;;;
Brand A-SE-16Q4-ATL-SB-Context;9,675;1,979;;;;;;;;;;;;;;;;;;;;;;;;;;;;;;;;;
Brand A-SE-16Q4-ATL-SB-Native;16,964;12,207;9,191;6,677;5,370;11,018;6,761;4,256;3,051;;;;;;;;;;;;;;;;;;;;;;;;;;
Brand A-SE-16Q4-ATL-SB-Brand Brand F-London;207;186;;;;;;;;;;;;;;;;;;;;;;;;;;;;;;;;;
Brand A-SE-16Q4-ATL-SB-ONLINE-NFL;;459;;;;4,560;6,518;236;;;;;;;;;;;;;;;;;;;;;;;;;;;
Brand A-SE-16Q4-ATL-SB-PL-December;19,689;20,405;2,061;;;;;;;;;;;;;;;;;;;;;;;;;;;;;;;;
Brand A-SE-16Q4-ATL-SB-PL-Viasatsport;28,032;31,226;24,590;32,121;14,288;9,537;;;;;;;;;;;;;;;;;;;;;;;;;;;;;
Brand A-SE-16Q4-BTL-GOC-Dynamic;50,736;37,649;;;;;;;;;;;;;;;;;;;;;;;;;;;;;;;;;
Brand A-SE-16Q4-BTL-Brand Brand F-London;29,937;19,086;;;;;;;;;;;;;;;;;;;;;;;;;;;;;;;;;
Brand A-SE-16Q4-BTL-SB-Dynamic;41,381;26,198;;;;;;;;;;;;;;;;;;;;;;;;;;;;;;;;;
Brand A-SE-17Q1-ATL-SB-CL;;;;;;;;29,526;93,078;28,251;6,362;1,889;377;;;;;;;;;;;;;;;;;;;;;;
Brand A-SE-17Q1-ATL-SB-Context;;;5,205;20,273;39,144;60,335;60,345;59,900;41,265;30,005;21,657;17,415;13,922;8,490;2,154;;;;;;;;;;;;;;;;;;;;
Brand A-SE-17Q1-ATL-SB-Native;;;44,171;62,036;57,020;79,983;70,035;95,945;80,574;49,269;50,175;64,241;59,720;56,948;10,619;;;;;;;299;;;;;;;;;672;;590;;
Brand A-SE-17Q1-BTL-GOC;21;78,842;88,632;106,041;109,784;221,186;196,907;220,358;109,737;85,578;32,024;1,101;;;;;;;;;;;;;;;;;;;;;;;
Brand A-SE-17Q1-BTL-SB;9,812;97,535;85,307;71,729;74,430;198,434;225,341;254,435;233,864;159,258;64,980;5,516;;;;;;;;;;;;;;;;;;;;;;;
Brand A-SE-17Q2-ATL-PMP-SB-Nordeamaster;;;;;;;;;;;;;;;;;;;;;;;23,871;14,612;618;;;;;;;;;;
Brand A-SE-17Q2-ATL-SB-Nordeamaster;;;;;;;;;;;;;;;;;;;;;;;22,877;10,481;306;;;;;;;;;;
Brand A-SE-17Q2-ATL-SB-Programmtic;;;;;;;;;;;;;;;32,018;60,395;52,800;53,760;79,886;50,876;14,448;237;;21,092;28,824;47,552;26,424;3,380;;;;;;;
Brand A-SE-17Q2-BTL-GOC;;;;;;;;;;;;;;;;3,027;140,274;130,743;96,257;95,552;74,358;54,329;31,937;58,838;71,327;76,322;37,947;3,401;;;;;;;
Brand A-SE-17Q2-BTL-SB;;;;;;;;;;;;;;;72,849;93,455;155,621;152,597;94,049;91,749;88,241;59,541;81,473;74,666;65,045;42,098;32,616;8,906;;;;;;;
Brand A-SE-17Q3-ATL-GOC-Casino;;;;;;;;;;;;;;;;;;;;;;;;;;;;;2,346;56,883;83,091;63,563;41,342;45,371;50,453
Brand A-SE-17Q3-ATL-GOC-Casino Payday;;;;;;;;;;;;;;;;;;;;;;;;;;;;;;9,536;27,452;1,721;;;
Brand A-SE-17Q3-ATL-GOC-Direct-Casino Payday August;;;;;;;;;;;;;;;;;;;;;;;;;;;;;;;;;;16,410;14,366
Brand A-SE-17Q3-ATL-GOC-Direct-SB-Tv.nu;;;;;;;;;;;;;;;;;;;;;;;;;;;;;;;;;;;9,993
Brand A-SE-17Q3-ATL-SB-Aftonbladet-ManCity-Competition;;;;;;;;;;;;;;;;;;;;;;;;;;;;;;;;;;6,699;1,611
Brand A-SE-17Q3-ATL-SB-Direct-MMA;;;;;;;;;;;;;;;;;;;;;;;;;;;;;;;;;;10,125;52,938
Brand A-SE-17Q3-ATL-SB-Direct-MMA-Kimura;;;;;;;;;;;;;;;;;;;;;;;;;;;;;;;;;;18,503;107,417
Brand A-SE-17Q3-ATL-SB-Fotboll;;;;;;;;;;;;;;;;;;;;;;;;;;;;;;;;;;12,206;32,138
Brand A-SE-17Q3-ATL-SB-Golf;;;;;;;;;;;;;;;;;;;;;;;;;;;;;3,240;44,231;8,973;;;;
Brand A-SE-17Q3-ATL-SB-PLfÃ¶rstÃ¤rkning-Svenskafans;;;;;;;;;;;;;;;;;;;;;;;;;;;;;;;;;12,216;21,186;20,705
Brand A-SE-17Q3-ATL-SB-Programmtic-Golf Aug-Sep;;;;;;;;;;;;;;;;;;;;;;;;;;;;;;;;;;2,504;23,594
Brand A-SE-17Q3-ATL-SB-SportTV;;;;;;;;;;;;;;;;;;;;;;;;;;;;9,018;16,125;13,329;19,578;13,031;19,331;21,014;29,751
Brand A-SE-17Q3-ATL-SB-Tennis;;;;;;;;;;;;;;;;;;;;;;;;;;;;;12,966;86,765;28,629;3,125;;;
Brand A-SE-17Q3-BTL-GOC-Casino Retargeting;;;;;;;;;;;;;;;;;;;;;;;;;;;;;621;62,079;101,967;102,882;120,726;116,417;120,050
Brand A-SE-17Q3-BTL-SB-Sportsbook Retargeting;;;;;;;;;;;;;;;;;;;;;;;;;;;;40,121;67,097;55,581;83,060;102,188;110,393;84,924;79,226
Brand A-UK-16Q4-ATL-RocketOnline;;;;;;;275;;;;;;;;;;;;;;;;;;;;;;;;;;;;
Brand A-UK-16Q4-ATL-SP-ESPN;11,381;5,177;;;;;;;;;;;;;;;;;;;;;;;;;;;;;;;;;
Brand A-UK-16Q4-ATL-SP-TalkSport;3,663;3,159;5,489;2,085;8,129;4,314;3,660;6,767;1,415;1,385;10,110;3,707;5,654;15,489;11,417;11,616;3,702;5,271;12,131;11,796;8,879;3,395;;755;;;;;;;;;;;
Brand A-UK-16Q4-BTL-GOC;57,419;22,010;;;;;;;;;;;;;;;;;;;;;;;;;;;;;;;;;
Brand A-UK-16Q4-BTL-SB;79,455;30,383;;;;;;;;;;;;;;;;;;;;;;;;;;;;;;;;;
Brand A-UK-17Q1-ATL-RocketOnline;;;1,869;32,676;40,926;18,902;6,522;;;;;;;;;;;;;;;;;;;;;;;;;;;;
Brand A-UK-17Q1-ATL-SB-FACup;;;;;;;;3,623;;;;;;;;;;;;;;;;;;;;;;;;;;;
Brand A-UK-17Q1-ATL-SB-MCFCNewPlacement;;;;;;;;;647;2,984;3,440;2,859;3,488;4,719;4,695;1,658;6,798;2,108;;;;;;;;;;;;;;;;;
Brand A-UK-17Q1-BTL-GOC;12,438;109,827;183,681;192,888;215,285;229,914;226,794;234,434;241,344;282,680;231,863;210,332;198,222;129,915;14,993;;;;;;;;;;;;;;;;;;;;
Brand A-UK-17Q1-BTL-SB;32,205;189,975;279,237;336,221;436,307;379,680;452,601;457,371;398,892;478,071;313,812;306,750;285,432;181,803;33,225;14,057;5,318;;;;;;;;;;;;;;;;;;
Brand A-UK-17Q1-SOC-Brand AUK-SB-ACQâ€“MCFBrand FmericanFootballâ€“CONVERSIONS-â‚¬4000;;;;;;20,513;3,935;;;;;;;;;;;;;;;;;;;;;;;;;;;;
Brand A-UK-17Q1-SOC-Brand AUK-SB-ACQ-TripleChance-CHEARS-040217;;;;;;11,981;15,974;3,837;;;;;;;;;;;;;;;;;;;;;;;;;;;
Brand A-UK-17Q1-SOC-Brand AUK-SB-CONâ€“SuperBowlâ€“CLICKS-â‚¬1500;;;;;;18,707;4,995;950;;;;;;;;;;;;;;;;;;;;;;;;;;;
Brand A-UK-17Q1-SOC-Brand FACQâ€“CasinoAlwaysOnGenericâ€“â‚¬27000Month;;;;;;;52,427;105,140;78,665;53,058;52,233;78,596;18,960;5,031;926;;;;;;;;1,364;;;;590;;;;;;;;
Brand A-UK-17Q1-SOC-Brand FACQâ€“CasinoGenericOBGâ€“â‚¬2500;;;;;;;;;;;;4,670;728;;;;;;;;;;;;;;;;;;;;;;
Brand A-UK-17Q1-SOC-Brand FACQâ€“LiveCasino;;;;;;;3,938;14,876;13,661;5,264;3,540;1,610;500;;;;;;;;;;;;;;;;;;;;;;
Brand A-UK-17Q1-SOC-Brand FACQ-SlotsAlwaysOn;;;;;;;1,643;139,241;116,058;107,874;137,051;113,186;7,080;4,181;3,036;;;;;;;;1,011;;;;;27;;;;;;;
Brand A-UK-17Q1-SOC-Brand FACQ-WolfCub;;;;;;;;40,835;2,483;3,836;;;;;;;;;;;;;;;;;;;;;;;;;
Brand A-UK-17Q1-SOC-Brand F-CON-WOLF-CUB-REVIEW-TRAFFIC;;;;;;;;4,709;;;;;;;;;;;;;;;;;;;;;;;;;;;
Brand A-UK-17Q1-SOC-FB-Campaign1;;;;;116;;;;;;;;;;;;;;;;;;;;;;;;;;;;;;
Brand A-UK-17Q1-SOC-SB-6Brand ITIONS-CPC;;;;;;;;3,635;9,872;873;69;10,793;1,839;;;;;;;;;;;;;;;;;;;;;;
Brand A-UK-17Q1-SOC-SBACQâ€“SportsBook;;;;;;;;530;;;;;;;;;;;;;;;;;;;;;;;;;;;
Brand A-UK-17Q1-SOC-SB-ACQ-F1-Brand BT10GET20-CONVERSIONS;;;;;;;;;;;;;5,993;4,712;300;;;;;;;;;;;;;;;;;;;;
Brand A-UK-17Q1-SOC-SBACQ-SPBrand HTSBOOKversion2;;;;;;;;41,249;47,816;39,419;40,908;21,230;5,207;522;;;;;;;;;;;;;;;;;;;;;
Brand A-UK-17Q1-SOC-SB-CON-F1-PREVIEW-TRAFFIC;;;;;;;;;;;;;9,584;3,921;1,743;;;;;;;;156;;;;;;;;;;;;
Brand A-UK-17Q1-SOC-SB-CON-UCL-R16Matchday1-2-3-4Preview-TRAFFIC;;;;;;;12,207;36,581;16,389;4,656;2,183;612;;;;1,482;;;;;;;;;;;;;;;;;;;
Brand A-UK-17Q2-17Q3-BTL-SB;;;;;;;;;;;;;;30,683;142,442;229,518;293,718;286,673;342,809;349,997;348,050;334,851;311,199;279,548;255,081;276,411;271,364;265,001;290,421;217,946;320,444;416,973;482,406;515,172;510,003
Brand A-UK-17Q2-ATL-SB-CageWarrior;;;;;;;;;;;;;;;;;;;3,462;1,316;152;;452;495;200;;1,026;780;;;23;;;;
Brand A-UK-17Q2-ATL-SB-ManCitySponsorship;;;;;;;;;;;;;;;;;6,392;18,003;12,569;11,540;13,262;3,104;;;;;;;;;;;;;
Brand A-UK-17Q2-ATL-SB-Sponsorship-Mancity;;;;;;;;;;;;;;;;;7,446;7,085;3,467;7,829;2,595;1,284;300;1,296;2,718;2,138;615;461;1,520;605;4,191;6,765;10,100;5,912;7,454
Brand A-UK-17Q2-ATL-StarSixes;;;;;;;;;;;;;;;;;;;;;;;3,293;8,819;7,271;8,315;11,789;24,545;54,557;19,403;2,444;1,827;1,301;;
Brand A-UK-17Q2-BTL-GOC;;;;;;;;;;;;;;14,085;116,652;169,965;213,951;214,823;239,589;218,352;185,136;152,259;129,101;160,773;159,387;150,633;162,651;176,583;196,640;178,949;258,587;252,420;219,603;227,112;268,211
Brand A-UK-17Q2-SOC-Brand F-ACQ-CasinoGeneric;;;;;;;;;;;;;;;;;;2,126;54,771;50,348;38,463;38,070;25,214;27,876;15,465;21,173;9,302;;;;;;;;
Brand A-UK-17Q2-SOC-Brand F-ACQ-SlotsAlwaysOn;;;;;;;;;;;;;;;;;;;54,458;80,148;68,360;74,057;45,515;42,879;50,706;29,831;12,365;4,392;603;;560;810;;;
Brand A-UK-17Q2-SOC-HR-ACQ-Ascot17;;;;;;;;;;;;;;;;;;;;;;;;;5,312;12,486;513;;;;;;;;
Brand A-UK-17Q2-SOC-HR-ACQ-HorseRacingLaunch100;;;;;;;;;;;;;;;;;;;;;;;;;2,690;;;;;;;;;;
Brand A-UK-17Q2-SOC-SB-ACQ-AskTheManagerYT;;;;;;;;;;;;;;;;;;;;;;;732;843;494;;;;;;;;;;
Brand A-UK-17Q2-SOC-SB-ACQ-BOM-MANCITY;;;;;;;;;;;;;;;;;21,489;14,493;8,051;1,316;;;;;;;;;;;;;;;
Brand A-UK-17Q2-SOC-SB-ACQ-BOM-UNITED;;;;;;;;;;;;;;;;;12,549;15,404;4,073;842;;;;;;;;;;;;;;;
Brand A-UK-17Q2-SOC-SB-ACQ-BROOKLINK;;;;;;;;;;;;;;;;;;;;;;5,685;2,553;674;;;26;;;;;;;;
Brand A-UK-17Q2-SOC-SB-ACQ-BROOKOFFER;;;;;;;;;;;;;;;;;;;;;2,234;3,579;872;;;;;;;;;;;;
Brand A-UK-17Q2-SOC-SB-ACQ-BROOKSPENBrand F;;;;;;;;;;;;;;;;;;;;;512;7,413;;252;;;;;;;;;;;
Brand A-UK-17Q2-SOC-SB-ACQ-CageWarriorsAlwaysOn;;;;;;;;;;;;;;;;;;;4,188;1,590;792;;2,258;;;;;;;;;;;;
Brand A-UK-17Q2-SOC-SB-ACQ-EnglandScotland;;;;;;;;;;;;;;;;;;;;;;;;6,075;3,650;2,090;;;;;;;;;
Brand A-UK-17Q2-SOC-SB-ACQ-JoshuaK-BestPrice;;;;;;;;;;;;;;;;;;12,056;732;;;;;;;;;;;;;;;;
Brand A-UK-17Q2-SOC-SB-ACQ-JoshuaK-WelcomeOffer;;;;;;;;;;;;;;;;;;8,631;3,243;410;;;;;;;;;;;;;;;
Brand A-UK-17Q2-SOC-SB-ACQ-ManCityCasino;;;;;;;;;;;;;;;;;;;;;;;;6,213;2,472;1,250;;;;;;;;;
Brand A-UK-17Q2-SOC-SB-ACQ-ManCitySportsbookAlwaysOn;;;;;;;;;;;;;;;;;4,365;10,152;14,903;5,867;1,157;;;;;;;;;;;;;;
Brand A-UK-17Q2-SOC-SB-ACQ-SportsbookAlwaysOn;;;;;;;;;;;;;;;;7,457;16,286;24,515;18,101;14,588;11,241;6,675;;251;;;;;;;;;;;
Brand A-UK-17Q2-SOC-SB-ACQ-Tennis;;;;;;;;;;;;;;;;;;;;;;;;3,761;;;;;;;;;;;
Brand A-UK-17Q2-SOC-SB-ACQ-UCLFinal;;;;;;;;;;;;;;;;;;;;;;;9,446;1,499;1,247;;;;;;;;;;
Brand A-UK-17Q2-SOC-SB-ACQ-YAFAI;;;;;;;;;;;;;;;;;;;;6,503;663;;;;;;;;;;;;;;
Brand A-UK-17Q2-SOC-SB-CON-BOM-Brand BTSAFE-BLOG-CPC;;;;;;;;;;;;;;;;;3,101;5,181;4,464;345;;;155;;;;;;;;;;;;
Brand A-UK-17Q3-ATL-SB-RacingPost;;;;;;;;;;;;;;;;;;;;;;;;;;;2,564;24,813;25,082;17,142;39,185;43,749;22,035;33,896;28,466
Brand A-UK-17Q3-ATL-SB-talkSPBrand HT Warm Up Partnership;;;;;;;;;;;;;;;;;;;;;;;;;;;;;;;;3,089;12,042;11,012;12,906
Brand A-UK-17Q3-ATL-THE MAC LIFE;;;;;;;;;;;;;;;;;;;;;;;;;;;;;;;;;19,233;32,942;12,639
Brand A-UK-17Q3-SOC-Brand F-ACQ-CasinoGeneric;;;;;;;;;;;;;;;;;;;;;;;;;;;;22,446;26,148;46,133;48,563;35,712;31,877;27,440;18,615
Brand A-UK-17Q3-SOC-Brand F-ACQ-DreamCatcher;;;;;;;;;;;;;;;;;;;;;;;;;;;;;;5,093;20,466;11,097;11,961;7,643;4,329
Brand A-UK-17Q3-SOC-Brand F-ACQ-SlotsAlwaysOn;;;;;;;;;;;;;;;;;;;;;;;;;;;;37,482;92,313;115,070;97,032;91,836;105,171;84,444;43,088
Brand A-UK-17Q3-SOC-HR-ACQ-Goodwood17;;;;;;;;;;;;;;;;;;;;;;;;;;;;;;;10,259;3,722;4,812;;
Brand A-UK-17Q3-SOC-SB-ACQ-BetsafeCMGInstagramBio;;;;;;;;;;;;;;;;;;;;;;;;;;;;;;;;;;827;18,377
Brand A-UK-17Q3-SOC-SB-ACQ-CMG49to1;;;;;;;;;;;;;;;;;;;;;;;;;;;;;;;;;;95,523;189,108
Brand A-UK-17Q3-SOC-SB-ACQ-NotoriousVIP;;;;;;;;;;;;;;;;;;;;;;;;;;;;;;;;;35,108;11,343;5,609
Brand A-UK-17Q3-SOC-SB-ACQ-OBGPremierLeague;;;;;;;;;;;;;;;;;;;;;;;;;;;;;;;560;9,060;2,747;;
Brand A-UK-17Q3-SOC-SB-ACQ-SaracensPromo;;;;;;;;;;;;;;;;;;;;;;;;;;;;;;;;;932;1,358;426
Brand AUK-17Q3--SOC-SB-ACQ-StarSixes;;;;;;;;;;;;;;;;;;;;;;;;;;;;11,301;9,540;1,194;627;;;;
Brand AUK-17Q3--SOC-SB-ACQ-StarSixes-Welcome;;;;;;;;;;;;;;;;;;;;;;;;;;;;;413;;;;;;
Brand A-UK-17Q3-SOC-SB-ACQ-Wimbledon2017;;;;;;;;;;;;;;;;;;;;;;;;;;;1,416;8,615;5,523;582;;;;;
Brand A-UK-17Q3-SOC-SB-CON-Wimbledon-Traffic;;;;;;;;;;;;;;;;;;;;;;;;;;;2,207;9,437;7,731;981;;;818;;576
Brand A-UK-17Q3-SOC-SB-Traffic-Star6Allstar;;;;;;;;;;;;;;;;;;;;;;;;;;;;;;;;2,438;5,792;3,845;
Brand A-UK-SOC-17Q1-BetsafeBoost-CPC;;;;;;;;;;;10,226;2,258;1,391;;;;;;;;;;;;;;;;;;;;;;
Brand A-UK-SOC-17Q1-SB-ACQ-AlwaysOn-PLTeamSpecific;;;;;;;;;;;14,963;9,506;636;;;;;;;;;;;;;;;;;;;;;;
Brand A-UK-SOC-17Q1-SB-ACQ-HarryRedknapp;;;;;;;;18,905;16,661;3,374;6,053;2,681;51;;;;;;;;;;;;;;;;;;;;;;
Brand A-UK-SOC-17Q1-SB-ACQ-HvB-52;;;;;;;;;;11,264;2,933;95;;;;;;;;;;;;;;;;;;;;;;;
Brand A-UK-SOC-17Q1-SB-ACQ-HvB-Bet10Get20;;;;;;;;;;56,588;7,599;1,176;;;;;;;;;;201;;;;;;;;;;;;;
Brand A-UK-SOC-17Q1-SB-ACQ-HvB-PriceBoost;;;;;;;;;;6,627;2,343;2,184;;;;;2,901;;;;;;;;;;;;;;;;;;
Brand A-UK-SOC-17Q1--SB-ACQ-MancityAlwaysOn;;;;;;;;25,253;27,830;26,142;27,801;26,015;1,674;42;;;;;;;;;;;;;;;;;;;;;
Brand A-UK-SOC-17Q1-SB-CON-HvB-Preview-TRAFFIC;;;;;;;;;11,211;32,976;908;1,065;;;348;;;;;;381;;;;;;;;;;;;;;
Brand A-UK-SOC-17Q1-SB-CON-PremierLeagueAlwaysOn;;;;;;;;;23,984;2,877;654;;;;;;;;;;;;;;;;;;167;;;;;;
Brand A-WW-16Q4-ATL-SB-ManCitySponsorship;10,862;15,944;15,570;20,414;12,108;17,940;11,574;15,524;15,065;14,016;11,943;11,969;8,247;12,584;11,600;12,566;10,313;6,956;6,134;13,103;9,395;7,862;3,486;1,755;2,205;9,408;1,505;5,201;6,984;6,191;5,415;3,260;4,502;10,629;6,167
Brand F-DK-16Q4-BTL-GOC-Payday-Ecomm-NovDec;6,002;;;;;;;;;;;;;;;;;;;;;;;;;;;;;;;;;;
Brand F-DK-17Q1-ATL-GOC-Mar;;;;;;;;;;;1,667;1,829;11,318;13,590;1,514;;;;;;;;;;;;;;;;;;;;
Brand F-DK-17Q1-BTL-GOC;;;;;;;;2,423;31,127;39,084;37,295;33,474;23,708;;;;;;;;;;;;;;;;;;;;;;
Brand F-FI-17Q1-ATL-GOC-Bloodsucker-Mar;;;;;;;;;;;7,320;20,511;7,248;6,356;;;;;;;;;;;;;;;;;;;;;
Brand F-FI-17Q1-ATL-GOC-SuperNDC;;;;;;;;;;13,377;19,707;8,331;5,487;101;;;;;;;;;;;;;;;;;;;;;
Brand F-FI-17Q1-ATL-GOC-Wchockey;;;;;;;;;;;;3,249;14,310;26,079;29,216;28,976;9,866;;;;;;;;;;;;;;;;;;
Brand F-FI-17Q1-ATL-GOC-WelcomeBonus;;;1,911;21,485;29,972;45,705;46,923;37,283;35,234;8,934;1,131;900;1,962;4,169;4,284;2,237;7,583;5,679;1,611;2,798;2,529;2,924;1,089;185;;;8,331;4,482;9,113;3,729;893;2,304;1,113;;
Brand F-FI-17Q1-ATL-GOC-WolfCub;;;;;;;;471;12,131;15,911;14,234;14,645;8,568;14,721;5,486;6,864;9,222;8,178;6,527;10,515;4,092;;;;;;;;;;;;;;
Brand F-FI-17Q1-BTL-GOC;;;10,293;24,239;29,234;34,148;41,430;41,681;38,787;42,329;68,444;91,821;83,876;64,940;13,074;543;;;;;;;;;;;;;;;;;;;
Brand F-FI-17Q2-ATL-GOC-Filmfestival;;;;;;;;;;;;;;;;;;;;1,077;15,680;18,183;17,061;5,714;4,904;5,352;;;;;;;;;
Brand F-FI-17Q2-ATL-GOC-WelcomeBonus;;;;;;;;;;;;;;;;;1,211;18,236;16,004;4,269;;;;;;;2,694;;651;1,248;1,286;;5,342;15,909;16,335
Brand F-FI-17Q2-BTL-GOC;;;;;;;;;;;;;;24,812;54,228;70,359;58,364;63,476;57,474;66,687;74,141;60,552;59,106;71,418;58,254;52,376;47,282;54,092;64,590;74,417;54,080;49,976;51,108;55,557;31,079
Brand F-FI-17Q3-ATL-GOC-Kesakamppis;;;;;;;;;;;;;;;;;;;;;;;;;;;;;389;16,976;7,902;3,144;;;
Brand F-FI-17Q3-ATL-GOC-Koriksen-EM-kisat-VIP;;;;;;;;;;;;;;;;;;;;;;;;;;;;;;;;5,747;17,571;342;
Brand F-PL-BTL-17Q1-GOC;;;;;695;1,734;1,526;525;1,154;884;;;;;;;;;;;;;;;;;;;;;;;;;
Brand F-UK-17Q1-ATL-GOC-Launch;;;;;;;;;;;;8,102;12,524;3,707;;;;;;;;;;;;;;;;;;;;;
Brand F-UK-17Q1-BTL-GOC;;;;5,384;42,594;38,927;17,708;20,823;19,242;21,222;18,561;20,721;26,331;13,829;236;;;;;;;;;;;;;;;;;;;;
Brand F-UK-17Q1-SOC-BloodNewBlack2;;;;;;;;;;;;6,614;21,284;4,322;30;;;;;;;;;;;;;;;;;;;;
Brand F-UK-17Q2-ATL-PMP-GOC-Filmfestival;;;;;;;;;;;;;;;;;;;;;;2,157;;741;713;1,244;708;;;;;;;;
Brand F-UK-17Q2-BTL-GOC;;;;;;;;;;;;;;1,965;16,415;21,360;18,543;18,120;27,800;26,409;33,575;31,178;22,416;41,055;29,414;33,656;38,312;29,301;28,787;31,757;33,327;29,424;29,069;23,834;17,333
Brand F-UK-17Q2-SOC-ACQ-WB;;;;;;;;;;;;;;746;7,497;2,393;;;;;;;;;;;;;;;;;;;
Brand F-UK-17Q3-ATL-Influencers;;;;;;;;;;;;;;;;;;;;;;;;;;;;;;;;420;;;
Brand F-UK-SOC-17Q1-GOC-Facebook;;;;;;;;;;866;;;344;302;;;;;;;807;;;;;;;;;;;;;;
Brand F-UK-SOC-ACQ-17Q3-ME-TIME;;;;;;;;;;;;;;;;;;;;;;;;;;1,655;3,462;2,606;;;;;;;
Brand F-UK-SOC-ACQ-17Q3-ME-TIME-AND-WB;;;;;;;;;;;;;;;;;;;;;;;;;;;;;2,516;5,693;720;126;4,439;4,145;2,655
Brand F-UK-SOC-ACQ-17Q3-ROULETTEOCLOCK;;;;;;;;;;;;;;;;;;;;;;;;;;;;;;;;;;1,683;1,008
Brand G-NL-16Q2-BTL-GOC-PU;;;;;;;;;;;702;;;;;;;;;;;;;;;;;;;;;;;;
Brand G-NL-16Q4-BTL-GOC-PU;3,746;2,541;;;;;;;;;;;;;;;;;;;;;;;882;;;;;;;;;;
Brand G-NL-16Q4-BTL-GOC-RBrand E;16,425;7,103;;;;;;;;;;;;;;;;;;;;;;;;;;;;;;;;;
Brand G-NL-16Q4-BTL-SB-PU;1,941;147;;;;;;;;;;;;;;;;;;;;;;;;;;;;;;;;;
Brand G-NL-16Q4-BTL-SB-RBrand E;22,944;9,807;957;;;;;;;;;;;;;;;;;;;;;;;;;;;;;;;;
Brand G-NL-17Q1-BTL-GOC-PU;;1,013;6,425;5,130;5,814;3,990;3,006;4,661;2,928;782;4,256;1,167;1,541;5,543;803;;;;;;;;;;;;;;;;;;;;
Brand G-NL-17Q1-BTL-GOC-RBrand E;7,341;45,528;54,662;62,660;62,166;42,095;43,412;47,339;44,135;35,871;43,050;43,448;41,274;27,509;4,107;;;;;;;;;;;;;;;;;;;;
Brand G-NL-17Q1-BTL-SB-PU;;783;1,091;2,682;3,156;2,433;254;746;470;435;927;285;404;1,938;1,161;;;;;;;;;;;;;;;;;;;;
Brand G-NL-17Q1-BTL-SB-RBrand E;3,407;40,587;60,155;82,178;98,897;63,186;58,866;67,460;62,102;63,608;61,793;45,743;54,081;36,426;5,277;;;;;;;;;;;;;;;;;;;;
Brand G-NL-17Q2-ATL-GOC-VideoLiveCasino;;;;;;;;;;;;;;;;;;;;;;;;5,261;9,989;9,116;8,364;1,373;;;;;;;
Brand G-NL-2017-BTL-GOC-RBrand E;;;;;;;;;;;;;;24,330;33,506;26,894;36,278;23,954;39,104;38,241;36,215;39,774;48,908;64,208;73,446;70,127;68,405;45,012;37,619;55,461;60,842;45,549;57,849;54,243;34,440
Brand G-NL-2017-BTL-SB-RBrand E;;;;;;;;;;;;;;28,826;59,613;46,686;77,274;51,179;67,310;47,849;51,938;44,999;54,480;67,433;60,528;62,738;62,241;64,706;64,998;72,072;75,096;72,677;63,603;84,771;66,689
Brand J-UK-17Q2-SOC-ACQ-WB100%;;;;;;;;;;;;;;;;;;;;;;;;;2,570;6,815;1,973;1,178;;;;;;;
Brand J-UK-17Q3-SOC-ACQ-WB-CHERRY;;;;;;;;;;;;;;;;;;;;;;;;;;;;;;;;;1,692;;
Brand I-NO-17Q1-ATL-GOC-Mellomnaboer;;;;;;;;;;;365;3,648;;;;;305;;;;;;;;;;;;;;;;;;
Brand I-NO-17Q1-ATL-GOC-OLV-Mar;;;;;;;;;;;32;;;656;;;;;;;;;;;;;;;;;;;;;
Brand I-NO-17Q1-BTL-GOC;;;;;;7,991;14,912;35,085;39,078;47,573;52,818;46,077;46,104;26,415;4,011;;5,757;14,648;10,566;11,559;8,039;6,054;1,658;1,307;1,719;4,605;1,967;4,283;6,732;5,060;2,753;4,487;4,110;7,548;3,959
Brand I-NO-17Q2-ATL-GOC-Viafree-May-W18-22;;;;;;;;;;;;;;;;;;278;3,489;3,033;4,587;3,033;;;;;;;;;;;;;
Brand I-NO-17Q2-Q4-BTL-GOC;;;;;;;;;;;;;;15,209;24,759;26,288;20,124;14,402;10,790;26,724;20,477;14,021;10,326;10,724;12,495;27,098;19,367;21,159;22,457;22,910;30,869;26,958;30,995;19,088;13,431
Brand I-NO-17Q3-ATL-July Aug-Viafree week 29-33;;;;;;;;;;;;;;;;;;;;;;;;;;;;;;;;;1,923;4,097;1,349
Brand C-DK-16Q1-ATL-SB-Bold-16Q4;2,013;6,525;;722;;;;;;;;;;;;;;;;;;;;;;;;;;;;;;;
Brand C-DK-16Q4-ATL-GOC-Vegas-Display-Dec;;;3,836;1,013;3,084;1,094;1,217;;;;;;;;;;;;;;;;;;;;;;;;;;;;
Brand C-DK-16Q4-BTL-GOC-Vegas-Ecomm;;;;1,280;4,881;6,135;1,152;1,223;4,485;1,115;;;;;;;;;;;;;;;;;;;;;;;;;
Brand C-DK-16Q4-BTL-SB-eComm;492;;;;;;;;;;;;;;;;;;;;;;;;;;;;;;;;;;
Brand C-DK-17Q1-ATL-GOC-Jan;;1,158;692;3,546;4,580;1,541;;;;;;;;;;;;;;;;;;;;;;;;;;;;;
Brand C-DK-17Q1-ATL-GOC-Mar;;;;;;;;;;1,554;1,025;1,040;1,800;2,571;;;;;;;;;;;;;;;;;;;;;
Brand C-DK-17Q1-ATL-PMP-GOC-eComm-Jan;;;2,285;417;731;138;;;;;;;;;;;;;;;;;;;;;;;;;;;;;
Brand C-DK-17Q1-ATL-PMP-SB-Ecomm;549;8,366;10,614;7,631;7,676;;;;;;;;;;;;;;;;;;;;;;;;;;;;;;
Brand C-DK-17Q1-ATL-PMP-SB-eComm-Feb;;;;;1,361;8,943;2,634;6,122;5,751;2,493;906;;;;;;;;;;;;;;;;;;;;;;;;
Brand C-DK-17Q1-ATL-PMP-SB-Mar;;;;;;;;;;2,856;4,134;6,468;5,978;3,539;;;;;;;;;;;;;;;;;;;;;
Brand C-DK-17Q1-ATL-SB-15thBirthday;;;;;;4,097;1,830;122;;;;;;;;;;;;;;;;;;;;;;;;;;;
Brand C-DK-17Q1-ATL-SB-Feb;;;;;639;8,792;987;3,009;;611;;;;;;;;;;;;;;;;;;;;;;;;;
Brand C-DK-17Q1-ATL-SB-Gen-Vid-Jan;74;6,296;4,085;2,051;6,050;1,151;;;;;;;;;;;;;;;;;;;;;;;;;;;;;
Brand C-DK-17Q1-ATL-SB-Jan;;4,140;9,159;10,032;16,961;15,606;3,795;4,331;6,539;6,600;4,878;5,879;6,252;8,949;7,172;5,000;3,677;6,270;3,366;4,235;2,369;3,599;3,137;1,716;2,889;3,323;3,513;2,087;1,382;7,967;6,743;3,569;6,995;8,786;5,810
Brand C-DK-17Q1-ATL-SB-Mar;;;;;;;;;;;;5,661;6,408;4,140;;;;;;;;;;;;;;;;;;;;;
Brand C-DK-17Q1-BTL-GOC;;;;;;;;;;1,325;4,692;;;;;;;;;;;;;;;;;;;;;;;;
Brand C-DK-17Q1-BTL-SB;;;;;;;;;10,488;11,454;3,302;;;;;;;;;;;;;;;;;;;;;;;;
Brand C-DK-17Q1-March-EB-Online Video;;;;;;;;;;;;;4,457;545;;;;;;;;;;;;;;;;;;;;;
Brand C-DK-17Q1-March-EB-Takeover-140317;;;;;;;;;;;;;648;828;;;;;;;;;;;;;;;;;;;;;
Brand C-DK-17Q2-ATL-GOC-April;;;;;;;;;;;;;;629;1,272;;;530;;;;;;;;;;;;;;;;;
Brand C-DK-17Q2-ATL-PMP-SB-April;;;;;;;;;;;;;;2,585;4,715;4,107;10,790;2,802;;;;;;;;;;;;;;;;;
Brand C-DK-17Q2-ATL-PMP-SB-June;;;;;;;;;;;;;;;;;;;;;;362;1,005;2,336;3,903;1,995;2,132;620;;;;;;;
Brand C-DK-17Q2-ATL-PMP-SB-May;;;;;;;;;;;;;;;;;;4,667;5,327;5,367;4,631;3,800;33;;;;;;;;;;;;
Brand C-DK-17Q2-ATL-SB-April;;;;;;;;;;;;;;;3,308;2,970;4,607;6,594;2,048;;;;;;;;;;;;;;;;
Brand C-DK-17Q2-ATL-SB-June;;;;;;;;;;;;;;;;;;;;;;;1,967;1,706;2,750;2,852;5,835;;;3,075;;;;;
Brand C-DK-17Q2-ATL-SB-May;;;;;;;;;;;;;;;;;;1,019;4,608;3,930;4,230;4,047;915;1,227;;;;;;;;;;;1,053
Brand C-DK-17Q2-ATL-SB-OnlineVid-Gen;;;;;;;;;;;;;;;;;;;;;782;2,523;;;;;;;;;;;;;
Brand C-DK-17Q2-BTL-GOC;;;;;;;;;;;;;;1,346;7,278;6,408;10,488;7,076;9,860;4,914;5,111;5,985;2,427;1,530;3,662;2,433;7,932;1,514;6,695;15,978;1,844;;;;
Brand C-DK-17Q2-BTL-SB;;;;;;;;;;;;;;783;9,279;9,710;9,681;12,191;6,533;3,785;9,194;2,196;5,012;5,177;1,700;4,115;2,951;1,200;;;3,863;4,317;15,569;22,355;8,064
Brand C-DK-17Q3-ATL-PMP-SB;;;;;;;;;;;;;;;;;;;;;;;;;;;;480;3,423;3,867;1,358;;;;
Brand C-DK-17Q3-ATL-PMP-SB-AUG;;;;;;;;;;;;;;;;;;;;;;;;;;;;;;;;1,629;5,529;4,943;4,731
Brand C-DK-17Q3-ATL-SB-AUGUST;;;;;;;;;;;;;;;;;;;;;;;;;;;;;;;;7,968;18,054;20,885;14,282
Brand C-DK-17Q3-ATL-SB-Media-July;;;;;;;;;;;;;;;;;;;;;;;;;;;;702;4,347;8,142;2,969;4,647;23;;
Brand C-DK-17Q3-ATL-SB-TranferWindow_Social;;;;;;;;;;;;;;;;;;;;;;;;;;;;;;;48;416;;504;
Brand C-FI-16Q2-ATL-GEN-Social-Media;;;;393;;;;;;;;;;;;;;;;;;;;;;;;;;;;;;;
Brand C-FI-16Q4-ATL-SB-Q4Hockey;359;791;;;;;;;;;;;;;;;;;;;;;;;;;;;;;;;;;
Brand C-FI-16Q4-ATL-SB-We Love Hockey(Liiga);;189;;;;;;;;;;;;;;;;;;;;;;;;;;;;;;;;;
Brand C-FI-16Q4-ATL-SB-XmasCalendar;1,685;732;;;;;;;;;;;;;;;;;;;;;;;;;;;;;;;;;
Brand C-FI-16Q4-BTL-GOC;447;1,169;;;;;;;;;;;;;;;;;;;;;;;;;;;;;;;;;
Brand C-FI-16Q4-BTL-SB;3,311;1,676;;;;;;;;;;;;;;;;;;;;;;;;;;;;;;;;;
Brand C-FI-17Q1-ATL-GOC-15Bday-Mar;;;;;;;;;;;;338;411;;;;;;;;;;;;;;;;;;;;;;
Brand C-FI-17Q1-ATL-GOC-Vegas;;;;;;;;;;;15,974;8,903;7,242;1,305;485;;;;;;;;;;;;;;;;;;;;
Brand C-FI-17Q1-ATL-SB-15thBirthday;;;;;;13,281;6,965;2,664;;;;;;;;;;;;;;;;;;;;;;;;;;;
Brand C-FI-17Q1-ATL-SB-15thBirthday-TVC;;;;;;1,512;777;;;;;;;;;;;;;;;;;;;;;;;;;;;;
Brand C-FI-17Q1-ATL-SB-FootballWeek;;;;;;;;;1,500;6,080;671;;;;;;;;;;;;;;;;;;;;;;;;
Brand C-FI-17Q1-ATL-SB-HockeyGuruParis;;;;;132;10,952;9,587;6,225;10,832;1,134;726;;;;;;;;;;;;;;;;;;;;;;;;
Brand C-FI-17Q1-ATL-SB-HockeyGuruToronto;5,211;14,138;4,847;14,258;8,904;4,883;;;;;;;;;;;;;;;;;;;;;;;;;;;;;
Brand C-FI-17Q1-ATL-SB-HomeOfHockey-TVC;;;;;;4,595;1,359;1,674;909;749;;;;;;;;;;;;;;;;;;;;;;;;;
Brand C-FI-17Q1-ATL-SB-LiveBetChampionship;;;;;;;;;;2,631;7,935;3,210;1,883;1,686;;;;;;;;;;;;;;;;;;;;;
Brand C-FI-17Q1-ATL-SB-TransferWindow;9,597;12,078;7,314;13,715;9,827;3,801;428;;;;;;;;;;;;;;;;;;;;;;;;;;;;
Brand C-FI-17Q1-ATL-SB-WeLoveHockey;;;;;;;1,212;12,464;18,827;12,278;3,752;917;;;;;;;;;;;;;;;;;;;;;;;
Brand C-FI-17Q1-BTL-SB;;12,165;19,008;29,240;18,711;29,820;31,443;26,517;23,763;30,306;25,622;15,512;6,753;5,199;;;;;;;;;;;;;;;;;;;;;
Brand C-FI-17Q2-ATL-BAJersey;;;;;;;;;;;;;1,193;13,265;;;;;;;;;;;;;;;;;;;;;
Brand C-FI-17Q2-ATL-NHLWAM-Episode 3 Teaser;;;;;;;;;;;;;;;;;;569;;;;;;;;;;;;;;;;;
Brand C-FI-17Q2-ATL-NHLWAM-Episode 4 Teaser;;;;;;;;;;;;;;;;;;432;;;;;;;;;;;;;;;;;
Brand C-FI-17Q2-ATL-NHLWAM-Episode 5 Teaser;;;;;;;;;;;;;;;;;;;686;;;;;;;;;;;;;;;;
Brand C-FI-17Q2-ATL-NHLWAM-teaser;;;;;;;;;;;;;;;;;;;;;;;;;;3,536;2,562;;596;;;;;;
Brand C-FI-17Q2-ATL-SB-FourNations;;;;;;;;;;;;;;;;;;;;;;;762;18,272;8,727;8,037;11,774;7,617;8,312;3,948;6,282;111;;;
Brand C-FI-17Q2-ATL-SB-LiigaPlayoffs-End;;;;;;;;;;;;;;3,314;11,958;7,734;8,240;2,493;;;;;;;;;;;;;;;;;
Brand C-FI-17Q2-ATL-SB-LiigaPlayoffs-Middle;;;;;;;;;;;;;1,290;5,784;332;;;;;;;;;;;;;;;;;;;;
Brand C-FI-17Q2-ATL-SB-LiigaPlayoffs-Start;;;;;;;;;;;;;7,772;1,569;;;;;;;;;;;;;;;;;;;;;
Brand C-FI-17Q2-ATL-SB-Livebet-Podium;;;;;;;;;;;;;;;1,257;1,566;;;;;;;;;;;;;;;;;;;
Brand C-FI-17Q2-ATL-SB-NHL-SummerOffer;;;;;;;;;;;;;;;;;;;;;693;3,474;4,676;10,101;3,074;813;2,555;;;;;;;;
Brand C-FI-17Q2-ATL-SB-NHLWAM-Episode1 Teaser;;;;;;;;;;;;;;;;1,055;597;254;;;;;;;;;;;;;;;;;
Brand C-FI-17Q2-ATL-SB-NHLWAM-Episode14;;;;;;;;;;;;;;;;;;;;;;;29;;;;;;;;;;;;
Brand C-FI-17Q2-ATL-SB-NHLWAM-Episode15;;;;;;;;;;;;;;;;;;;;;;;;1,065;;;;;;;;;;;
Brand C-FI-17Q2-ATL-SB-StandinKingit;;;;;;;;;;;;;;;;;;;;;;;1,586;951;;;;;;;;;;;
Brand C-FI-17Q2-ATL-SB-TripleCups;;;;;;;;;;;;;;;;;;;;;3,422;9,246;4,688;1,550;;;;;;;;;;;
Brand C-FI-17Q2-ATL-SB-WB;;;;;;;;;;;;;;;1,146;8,514;6,438;1,509;1,271;;;;;;;;;;;;;;;;
Brand C-FI-17Q2-ATL-SB-WorldParallax;;;;;;;;;;;;;;;;;;;3,021;5,603;989;174;;;;;;;;;;;;;
Brand C-FI-17Q2-ATL-SB-WorldsOffer1;;;;;;;;;;;;;;;;;;6,042;24,489;31,869;21,768;3,828;;;;;;;;;;;;;
Brand C-FI-17Q2-ATL-UELFIBrand IL;;;;;;;;;;;;;;;;;1,436;11,910;4,560;;;;;;;;;;;;;;;;
Brand C-FI-17Q2-ATL-Vappu;;;;;;;;;;;;;;;;;1,943;6,165;1,196;;;;;;;;;;;;;;;;
Brand C-FI-17Q2-Q4-BTL-GOC;;3,135;2,280;5,229;6,950;1,611;;;;;6,392;6,227;8,789;6,333;;;;;;;;;;;;;;1,880;6,900;6,951;4,847;5,622;7,545;8,744;10,626
Brand C-FI-17Q2-Q4-BTL-SB;;;;;;;;;;;;;;6,636;24,180;21,227;17,616;27,317;35,157;29,849;18,263;14,403;14,420;19,509;7,503;3,702;9,735;4,287;8,073;9,966;6,722;11,664;11,688;10,706;21,831
Brand C-FI-17Q3-ATL-GOC-Travel Voucher Raffle;;;;;;;;;;;;;;;;;;;;;;;;;;;;;;;2,079;6,453;5,598;10,850;10,643
Brand C-FI-17Q3-ATL-SB-CHL;;;;;;;;;;;;;;;;;;;;;;;;;;;;;;;;;;;16,251
Brand C-FI-17Q3-ATL-SB-EuroBasket Friendlies;;;;;;;;;;;;;;;;;;;;;;;;;;;;;;;;210;;;
Brand C-FI-17Q3-ATL-SB-FootballStart;;;;;;;;;;;;;;;;;;;;;;;;;;;;;;;;;3,257;7,713;9,207
Brand C-FI-17Q3-ATL-TransferWindow;;;;;;;;;;;;;;;;;;;;;;;;;;;;200;8,787;16,523;12,059;12,461;10,521;12,602;21,744
Brand C-FI-A7Q1-ATL-SB-Pelimies;;;;;;;;;;;;;1,470;1,256;;;;;;;;;;;;;;;;;;;;;
Brand C-NO-16Q4-ATL-SB-Boxingday;1,175;;;;;;;;;;;;;;;;;;;;;;;;;;;;;;;;;;
Brand C-NO-16Q4-BTL-SB;4,196;3,473;;;;;;;;;;;;;;;;;;;;;;;;;;;;;;;;;
Brand C-NO-17Q1-ATL-SB-Eliteserien-Viafree;;;;;;;;;;;;800;3,909;2,372;;;;;;;;;;;;;;;;;;;;;
Brand C-NO-17Q1-BTL (Video-ATL);;;;;;;;;;;;;;2,381;;;;;;;;;;;;;;;;;;;;;
Brand C-NO-17Q1-BTL-SB;1,430;6,375;10,943;10,454;9,830;8,546;16,017;8,514;11,144;11,366;7,188;;1,478;10,329;497;;;;;;;;;;;;;;;;;;;;
Brand C-NO-17Q2-ATL-SB-KopiaAV;;;;;;;;;;;;;;;;;;;;;741;101;915;414;;;;525;;;;;;;
Brand C-NO-17Q2-ATL-SB-Livescore;;;;;;;;;;;;;;1,877;;1,008;870;;137;;3,377;1,256;744;;413;2,808;;;471;743;690;;2,159;932;1,829
Brand C-NO-17Q2-ATL-SB-Viafree-May-W20-21;;;;;;;;;;;;;;;;;;;;1,130;788;1,400;;;;;;;;;;;;;
Brand C-NO-17Q2-Q4-BTL-SB;;;;;;;;;;;;;;3,696;18,452;12,762;17,565;11,615;12,875;16,916;10,824;5,168;12,050;5,538;4,035;6,275;3,638;7,445;9,359;7,077;4,265;7,112;16,068;11,880;19,199
Brand C-NO-17Q3-ATL-July-Viafree w27-28;;;;;;;;;;;;;;;;;;;;;;;;;;;;;1,719;1,325;;;;;
Brand C-NO-17Q3-ATL-SB-Sporten;;;;;;;;;;;;;;;;;;;;;;;;;;;;;;;708;;;2,297;
Brand C-SE-1603-ATL-SB-Native;;;;;;;;;;;;;;;;;;;;;77;;;;;;;;;;;;;;
Brand C-SE-16Q3-ATL-SB-ONLINE-SHL;;;;1,359;;798;;;;;968;;;;;;;;;;;;;;;;;;;;;;;;
Brand C-SE-16Q4-17Q1-ATL-SB-Online-SHL;43,941;62,543;58,662;42,303;66,599;30,456;23,027;55,803;50,858;23,270;29,735;34,122;19,475;20,576;14,522;23,270;19,425;14,246;3,894;3,071;4,155;326;471;1,119;2,294;3,560;3,653;;;;;;;;
Brand C-SE-16Q4-ATL-SB-Powerplay;897;;578;;1,557;;;;491;;1,485;;;;573;;1,115;;;;;;;;;;;;;;;;;;
Brand C-SE-16Q4-ATL-SB-SHL Native;2,970;3,131;;;;;;;;;;;;;;;;;;;;;;;;;;;;;;;;;
Brand C-SE-16Q4-BTL-SB-WB;9,563;3,459;;;;;;;;;;;;;;;;;;;;;;;;;;;;;;;;;
Brand C-SE-17Q1-ATL-SB-Context-Feb-Mar;;;;;;3,476;4,976;7,199;9,210;14,057;13,280;7,227;5,465;2,432;1,247;;;;;;;;;;;;;;;;;;;;
Brand C-SE-17Q1-ATL-SB-Context-Jan;;10,859;16,680;23,855;22,106;2,141;;;;;;;;;;;;;;;;;;;;;;;;;;;;;
Brand C-SE-17Q1-ATL-SB-LowerLeagueStart;;;;;;;;;;;1,518;9,113;4,997;7,028;2,390;;;;;;;;;;;;;;;;;;;;
Brand C-SE-17Q1-ATL-SB-Native-Feb;;;;;;;5,622;6,219;4,868;3,657;3,869;1,214;7,088;3,744;620;636;;;;;;;;;;;;;;;;;;;
Brand C-SE-17Q1-ATL-SB-Native-Jan;;8,772;8,468;5,885;755;;;;;;;;;;;;;;;;;;;;;;;;;;;;;;
Brand C-SE-17Q1-ATL-SB-Podd Feb-Mar;;;;;;;;;990;;;;;;;;;;;;;;;;;;;;;;;;;;
Brand C-SE-17Q1-ATL-SB-SHL-Local;;;;;;;;3,063;5,964;5,832;1,592;;;;;;;;;;;;;;;;;;;;;;;;
Brand C-SE-17Q1-ATL-SB-SHL-OLV;;;;;;1,319;947;813;;1,044;;1,442;183;3,221;;;;;;;;;;;;;;;;;;;;;
Brand C-SE-17Q1-ATL-SB-SHL-Slutspel;;;;;;;;;;;894;6,797;11,705;6,701;1,499;;;;;;;;;;;;;;;;;;;;
Brand C-SE-17Q1-ATL-SB-TransferWindow-OLV;;;2,313;3,257;2,723;764;;;;;;;;;;;;;;;;;;;;;;;;;;;;;
Brand C-SE-17Q1-BTL-GOC;;5,232;10,697;7,775;6,729;3,699;5,322;3,261;11,622;9,081;9,266;3,992;;;;;;;;;;;;;;;;;;;;;;;
Brand C-SE-17Q1-BTL-SB;2,412;7,403;15,375;16,101;23,699;19,398;15,081;22,070;21,671;18,630;10,322;1,877;;;;;;;;;;;;;;;;;;;;;;;
Brand C-SE-17Q2-ATL-SB-Football-OLV;;;;;;;;;;;;;;689;3,852;3,776;851;672;4,148;2,475;;;;;;;;;;;;;;;
Brand C-SE-17Q2-ATL-SB-Fotball-Local;;;;;;;;;;;;;;;;1,643;5,555;8,238;1,358;;;;;;;;;;;;;;;;
Brand C-SE-17Q2-ATL-SB-Fotball-Programmatic;;;;;;;;;;;;;;;;;215;12,113;16,875;15,738;9,785;4,647;;;;;;;;;;;;;
Brand C-SE-17Q2-ATL-SB-Fotboll;;;;;;;;;;;;;;8,961;17,001;14,811;5,796;710;;;;;;;;;;;;;;;;;
Brand C-SE-17Q2-ATL-SB-Fotboll-Finaldagar-May;;;;;;;;;;;;;;;;;;;;;2,633;9,359;8,153;1,779;;;;;;;;;;;
Brand C-SE-17Q2-ATL-SB-Fotboll-May;;;;;;;;;;;;;;;;;;;4,823;4,308;1,569;653;;;;;;;;;;;;;
Brand C-SE-17Q2-ATL-SB-Hockey-Programmatic;;;;;;;;;;;;;;;;;;1,746;9,693;5,213;4,334;1,389;;;;;;;;;;;;;
Brand C-SE-17Q3-ATL-GOC-Million Kr. Challenge_Nyheter24;;;;;;;;;;;;;;;;;;;;;;;;;;;;1,100;3,153;3,459;4,184;1,136;;;
Brand C-SE-17Q3-ATL-SB-Allsvenskan;;;;;;;;;;;;;;;;;;;;;;;;;;;996;6,063;8,720;12,461;12,762;8,306;11,319;2,828;
Brand C-SE-17Q3-ATL-SB-English PL Launch;;;;;;;;;;;;;;;;;;;;;;;;;;;;;;;;;8,394;13,304;6,624
Brand C-SE-17Q3-ATL-SB-Transfer Window;;;;;;;;;;;;;;;;;;;;;;;;;;;;;;;2,768;11,442;13,980;21,203;9,045
Brand C-SE-17Q3-GOC-Million Kr. Challenge;;;;;;;;;;;;;;;;;;;;;;;;;;;2,594;6,419;10,155;8,994;9,860;1,023;;;
Brand C-SE-17Q3-OLV-Allsvenskan;;;;;;;;;;;;;;;;;;;;;;;;;;;;581;2,135;803;995;2,736;2,936;;
Brand C-SE-17Q3-OLV-Continuity;;;;;;;;;;;;;;;;;;;;;;;;;;;;1,913;;1,857;5,445;522;4,238;6,354;4,644
Brand H-NL-16Q4-BTL-GOC-PU;2,139;4,251;;;;;;;;;;;;;;;;;;;;;;;;;;;;;;;;;
Brand H-NL-16Q4-BTL-GOC-RBrand E;25,730;11,396;;;;;;;;;;;;;;;;;;;;;;;;;;;;;;;;;
Brand H-NL-17Q1-BTL-GOC-PU;;800;4,512;3,128;5,346;5,220;6,047;7,587;870;2,181;4,821;3,348;914;6,543;626;;;;;;;;;;;;;;;;;;;;
Brand H-NL-17Q1-BTL-GOC-RBrand E;281;43,385;73,764;73,971;73,373;58,854;67,589;58,080;65,633;52,626;53,730;55,422;65,460;39,171;6,779;;;;;;;;;;;;;;;;;;;;
Brand H-NL-2017-BTL-GOC;;;;;;;;;;;;;;33,503;47,487;42,324;66,324;52,695;50,870;39,551;41,696;46,635;38,178;54,762;57,650;99,404;83,291;82,527;77,772;83,445;73,023;77,843;66,225;75,609;52,884
Brand D-ES-17Q3-ATL-Programmatic-Audience;;;;;;;;;;;;;;;;;;;;;;;;;;;;;;;;;;;3,698
Brand D-ES-2017-BTL-GOC;;;;;;;;;;;;;;;;;;;;;;;;;;;;1,140;21,231;22,323;24,183;24,015;17,528;10,724;11,321
Brand D-ES-2017-SOC-GOC-Facebook;;;;;;;;;;;;;;;;;;;;;;;;;;;;;;;;;;8,207;12,336
Brand D-IT-16-Q2-ATL-Piano;;;;;;;;;;;;;717;;;;;;;;;;;;;;;;;;;;;;
Brand D-IT-16Q4-BTL-GOC-RBrand E;46,302;20,576;1,280;;;;;;;;;;;;;;;;;;;;;;;;;;;;;;;;
Brand D-IT-16Q4-BTL-GOC-RBrand E-Rocketfuel;40,959;21,237;2,759;;;;;;;;;;;;;;;;;;;;;;;;;;;;;;;;
Brand D-IT-17Q1-ATL-GOC-Piano;4,556;3,981;5,546;449;1,187;6,932;8,712;255;2,781;6,800;3,578;783;;1,569;7,214;3,881;822;;;;;;;;;;;;;;;;;;
Brand D-IT-17Q1-ATL-Juventus;;;;;;;;;;;;;305;1,155;3,678;1,778;;;;;;;;;;;;;;;;;;;
Brand D-IT-17Q1-BTL-GOC-CriteoNewProspect;;;;;;;;;701;4,581;23,556;9,471;;;;;;;;;;;;;;;;;;;;;;;
Brand D-IT-17Q1-BTL-GOC-RBrand E;21,294;59,630;90,054;99,459;92,358;115,070;106,491;113,187;94,023;88,238;95,318;100,298;83,144;57,521;6,150;;;;;;;;;;;;;;;;;;;;
Brand D-IT-17Q1-BTL-GOC-RBrand E-Rocketfuel;19,197;118,911;123,998;118,815;106,055;120,015;115,521;101,802;118,455;120,846;124,104;124,701;118,946;68,855;14,547;363;;;;;;;;;;;;;;;;;;;
Brand D-IT-17Q1-SOC-FB;;;;16,707;7,478;2,475;;;;;4,941;23,532;23,063;22,068;11,265;2,148;885;3,606;6,515;5,994;4,280;3,017;2,769;1,014;;;;;;;;;;;
Brand D-IT-17Q2-ATL-GOC-Youtube;;;;;;;;;;;;;;;;;;;;;;711;1,616;593;;;;;;;;482;1,236;;
Brand D-IT-17Q2-ATL-Juventus;;;;;;;;;;;;;;653;3,210;3,168;4,599;4,826;2,490;1,688;1,274;581;;;;;;;;;;;;;
Brand D-IT-17Q2-SOC-Facebook;;;;;;;;;;;;;;;13,874;10,292;14,397;16,781;11,049;13,421;7,785;5,241;11,220;24,582;19,221;17,124;18,770;22,211;17,304;16,244;16,064;14,186;16,436;14,792;9,605
Brand D-IT-17Q3-ATL-Summer;;;;;;;;;;;;;;;;;;;;;;;;;;;;;3,207;8,246;13,142;3,219;696;606;
Brand D-IT-2017-BTL-GOC-RBrand E;;;;;;;;;;;;;;100,349;182,553;185,571;176,918;195,228;166,590;158,637;164,201;173,460;140,450;142,824;167,228;155,976;150,360;143,265;153,924;156,977;163,709;162,518;159,758;167,943;102,987
Brand E-EE-16Q3-ATL-SB-UEFAugust-EE;;792;743;;786;;;;;;;;;;;;;;;;;;;;;;;;;;;;;;
Brand E-EE-16Q4-ATL-SB-ChristmasCal;2,721;627;;;;;;;;;;;;;;;;;;;;;;;;;;;;;;;;;
Brand E-EE-16Q4-BTL-GEN-XmasCalendar-PU;1,370;;;;;;;;;;;;;;;;;;;;;;;;;;;;;;;;;;
Brand E-EE-16Q4-BTL-GOC-EE;2,241;;;;;;;;;;;;;;;;;;;;;;;;;;;;;;;;;;
Brand E-EE-16Q4-BTL-POK-EE;1,047;;;;;;;;;;;;;;;;;;;;;;;;;;;;;;;;;;
Brand E-EE-17Q1-ATL-SB-Birthday;2,075;9,843;16,250;9,843;7,445;3,509;2,328;527;;;;;;;;;;;;;;;;;;;;;;;;;;;
Brand E-EE-17Q1-ATL-SB-FirstDeposit;;;;;;1,325;9,855;12,740;7,380;2,990;479;;1,931;1,631;2,574;1,709;2,432;1,664;501;;;;;;;;;;;;;;;;
Brand E-EE-17Q1-ATL-SB-Manchester;;;;;;;;;;1,791;7,835;5,747;5,294;;;;;;;;;;;;;;;;;;;;;;
Brand E-EE-17Q1-BTL-GEN-EE-PU;;;4,242;4,610;2,972;2,111;5,085;8,007;3,227;4,350;2,954;;;;;;;;;;;;;;;;;;;;;;;;
Brand E-EE-17Q1-BTL-GOC-EE;;5,813;3,461;1,521;6,113;3,993;1,373;2,931;1,617;6,617;4,536;4,844;3,224;4,004;;;;;;;;;;;;;;;;;;;;;
Brand E-EE-17Q1-BTL-GOC-Popunders-Adcash;;;;;;;;;1,844;3,719;5,442;6,162;891;;;;;;;;;;;;;;;;;;;;;;
Brand E-EE-17Q1-BTL-POK-EE;;1,454;5,411;3,485;2,027;4,917;5,538;5,352;2,736;4,706;2,804;2,247;2,865;3,710;629;;;;;;;;;;;;;;;;;;;;
Brand E-EE-17Q1-BTL-POK-RU;;;;;;;;369;1,031;1,506;;293;;;;;;;;;;;;;;;;;;;;;;;
Brand E-EE-17Q2-ATL-Betsafe_Confederation_Cup;;;;;;;;;;;;;;;;;;;;;;;;;725;1,661;263;;;;;;;;
Brand E-EE-17Q2-ATL-Betsafe_Foreign_traffic_casino;;;;;;;;;;;;;;;;;;;;;;;;;;;;647;1,976;1,134;1,065;390;552;;
Brand E-EE-17Q2-ATL-Betsafe-EstBel;;;;;;;;;;;;;;;;;;;;;;;819;8,796;560;;;;;;;;;;
Brand E-EE-17Q2-ATL-Betsafe-Launch;;;;;;;;;;;;;;;;;;;2,996;3,374;;;;;;1,092;;;;;;;;6,122;4,164
Brand E-EE-17Q2-ATL-BetsafeLaunch-Basketball;;;;;;;;;;;;;;;;;;;;;1,032;;;;;;;;;;;;;;
Brand E-EE-17Q2-ATL-BetsafeLaunch-FightShow;;;;;;;;;;;;;;;;;;;701;;;;;;;;;;;;;;;;
Brand E-EE-17Q2-ATL-BetsafeLaunch-Football;;;;;;;;;;;;;;;;;;2,066;11,603;18,791;779;5,864;7,686;2,085;797;962;485;966;;2,601;;2,450;;2,972;3,984
Brand E-EE-17Q2-ATL-FirstDep-April;;;;;;;;;;;;;;;;;2,783;4,533;596;;;;;;;;;;;;;;;;
Brand E-EE-17Q2-ATL-JackpotApril;;;;;;;;;;;;;;;7,506;14,945;3,308;3,116;1,940;;;;;;;;;;;;;;;;
Brand E-EE-17Q2-ATL-SB-Betsafe-UEFA-Finals;;;;;;;;;;;;;;;;;;;;;;;507;222;860;;;;;;;;;;
Brand E-EE-17Q2-Q4-BTL-GOC-PU;;;;;;;;;;;;;;;1,158;1,169;2,586;807;;;;;;;;;;;;;;;;;
Brand E-EE-17Q2-Q4-BTL-POK-PU;;;;;;;;;;;;;;;;227;1,140;;;;;;;405;;;;;;;;;;;
Brand E-EE-17Q3-ATL-Betsafe Viaplay;;;;;;;;;;;;;;;;;;;;;;;;;;;;;;;;1,065;12,977;30,330;33,489
Brand E-EE-17Q3-ATL-Betsafe-McGregor;;;;;;;;;;;;;;;;;;;;;;;;;;;;;;;;;;3,156;24,285
Brand E-LV-16Q2-ATL-GEN;;;503;;;;;;;;;;;;;;;;;;;;;;;;;;;;;;;;
Brand E-LV-16Q2-ATL-Sports;2,922;933;;;;;;;;;;;;;;;;;;;;;;;;;;;;;;;;;
Brand E-LV-16Q4-BTL-GEN-Xmas;;81;;;;;;;;;;;;;;;;;;;;;;;;;;;;;;;;;
Brand E-LV-16Q4-BTL-GEN-XmasCalendar-PU;1,859;3,446;797;2,513;2,597;3,936;4,641;2,579;554;;;;;;;;;;;;;;;;;;;;;;;;;;
Brand E-LV-16Q4-BTL-GOC;1,334;;;;;;;;;;;;;;;;;;;;;;;;;;;;;;;;;;
Brand E-LV-16Q4-BTL-GOC-LV-PU;;1,181;;;;;;;;;;;;;;;;;;;;;;;;;;;;;;;;;
Brand E-LV-16Q4-BTL-SB;1,974;;;;;;;;;;;;;;;;;;;;;;;;;;;;;;;;;;
Brand E-LV-17Q1-ATL-SB-Hockey;;1,326;6,935;8,525;7,818;6,131;3,945;8,649;8,619;8,703;6,669;9,033;12,276;9,102;7,439;5,747;2,424;3,630;4,838;3,897;2,754;;;;;;;;;;;;;;
Brand E-LV-17Q1-BTL-GEN-LV-PU;;1,385;13,974;10,281;12,591;10,970;7,731;11,967;9,693;10,317;11,108;8,339;9,920;1,898;;;;;;;;;;;;;;;;;;;;;
Brand E-LV-17Q1-BTL-GOC;;2,474;1,251;2,736;1,824;4,271;4,587;5,429;7,476;6,914;5,825;3,464;2,807;2,292;782;;;;;;;;740;611;;;;;;;;;;;
Brand E-LV-17Q1-BTL-GOC-LV;;;;;;;;;;;;;;;1,409;332;1,043;;;;;1,361;3,093;;;;;;;;;;;;
Brand E-LV-17Q1-BTL-GOC-RU;;;;;;2,061;4,932;3,078;2,582;2,339;4,340;1,400;899;2,400;;;;;;;;;;;;;;;;;;;;;
Brand E-LV-17Q1-BTL-POK;;3,407;3,096;4,664;5,409;5,150;4,626;4,616;6,135;7,032;1,845;;;942;672;;;;;;;;;;;;;;;;;;;;
Brand E-LV-17Q1-BTL-SB-LV;;4,658;8,531;2,694;1,973;3,233;1,974;5,525;1,995;3,998;4,799;2,465;947;2,148;;;;;;;;;;;;;;;;;;;;;
Brand E-LV-17Q1-BTL-SB-RU;;;;;;;2,429;2,657;4,439;4,359;4,044;2,196;2,150;4,607;;;;;;;;;;;;;;;;;;;;;
Brand E-LV-17Q2-BTL-GOC-PU;;;;;;;;;;;;;;1,383;1,487;2,691;2,162;2,798;603;;;;;;;;;;;;;;;;
Brand E-LV-17Q2-BTL-POK-PU;;;;;;;;;;;;;;1,719;1,904;;3,909;2,315;785;;;;;;;;;;;;;;;;
Brand A-SE-16Q4-BTL-NBA-London;1,525;11,108;8,056;2,009;2,165;960;2,727;3,372;995;;;;;;;;;;;;;;;;;;;;;;;;;;
Brand A-UK-17Q1-SOC-Brand AUK-SB-ACQâ€“MCFCAmericanFootballâ€“CONVERSIONS-â‚¬4000;;;;;;3,187;8,611;11,439;9,263;3,877;10,328;1,020;539;1,397;1,368;273;873;;;;;257;;;;444;;;;;;;;;
Brand A-UK-17Q1-SOC-SBACQ-SPORTSBOOKversion2;;363;7,235;15,873;24,578;12,458;5,399;7,845;5,893;11,043;36,433;27,483;21,313;19,141;35,635;20,255;16,202;20,221;21,833;10,241;24,039;28,403;22,925;8,673;17,571;11,037;19,834;23,527;11,591;27,945;28,981;20,874;36,714;61,313;20,770
Brand A-UK-17Q2-SOC-SB-CON-BOM-BETSAFE-BLOG-CPC;;;;;;;;;;;;;;25,841;61,395;45,924;29,004;37,061;37,097;53,463;66,965;19,779;44,627;14,058;26,847;12,089;24,457;23,815;24,055;41,608;32,313;57,943;33,804;33,986;17,474
Brand E-DK-16Q4-BTL-GOC-Payday-Ecomm-NovDec;3,386;24,899;22,622;12,175;16,790;20,808;9,260;9,052;;;;;;;;;;;;;;;;;;;;;;;;;;;
Brand E-FI-17Q3-ATL-GOC-Kesakamppis;;;;;;;;;;;;;;;;;;;;;;;;;;;1,272;3,174;5,612;20,254;7,741;1,081;68;;
Brand E-FI-17Q3-ATL-GOC-Koriksen-EM-kisat-VIP;;;;;;;;;;;;;;;;1,175;6,128;5,016;8,477;14,741;9,577;8,656;9,651;4,994;4,148;5,321;8,397;7,639;9,788;7,263;5,856;2,804;3,896;6,605;7,556
Brand F-EE-16Q4-BTL-GOC-EE;1,927;19,003;30,337;22,181;27,647;32,693;25,141;30,917;33,986;40,226;20,208;21,148;30,680;14,647;8,525;;;;;;;;;;;;;;;;;;;;
Brand F-LV-16Q2-ATL-Sports;32,901;12,867;423;;;;;;;;;;;;;;;;;;;;;;;;;;;;;;;;
Brand F-LV-17Q1-BTL-GOC-LV;;;39,928;42,693;6,173;1,557;3,887;843;758;1,455;110;3,551;5,827;2,061;661;3,561;1,630;1,035;558;443;637;2,008;1,273;3,306;1,123;1,669;1,298;3,629;1,027;4,811;275;1,079;403;606;
Brand F-LV-17Q1-BTL-SB-RU;;;;;14,538;64,923;53,676;13,372;14,747;41,514;61,220;19,447;11,323;715;;;;;;;;;;;;;;;;;;;;;
Brand G-NL-16Q4-BTL-GOC-RTB;5,894;79,643;78,459;53,666;50,104;54,444;81,082;51,151;33,969;57,332;102,356;45,626;53,320;70,984;12,350;869;;;;;;;;;;;;;;;;;;;
Brand G-NL-16Q4-BTL-SB-RTB;6,197;120,175;63,482;53,215;90,196;58,382;136,806;73,375;60,042;62,194;164,375;102,295;49,519;85,199;2,455;;;;;;;;;;;;;;;;;;;;
17Q3-Brand AUK-SOC-SB-ACQ-McGregorSocial;;;;;;;;;;;;;;;;;;;;;;;;;;;;;;;;;;;2,638
Brand A-SE-16Q4-ATL-SB-NBA-London;109;29;;;;;;;;;;;;;;;;;;;;;;;;;;;;;;;;;
Brand A-UK-17Q1-SOC-CAACQâ€“CasinoAlwaysOnGenericâ€“â‚¬27000Month;;;;;;;4,087;9,496;6,150;4,363;4,179;5,898;2,021;251;300;;;;;;;;51;;;;103;;;;;;;;
Brand A-UK-17Q1-SOC-CAACQâ€“CasinoGenericOBGâ€“â‚¬2500;;;;;;;;;;;;203;33;;;;;;;;;;;;;;;;;;;;;;
Brand A-UK-17Q1-SOC-CAACQâ€“LiveCasino;;;;;;;370;1,527;1,362;545;351;257;74;;;;;;;;;;;;;;;;;;;;;;
Brand A-UK-17Q1-SOC-CAACQ-SlotsAlwaysOn;;;;;;;131;11,859;9,339;8,627;12,118;10,196;688;235;221;;;;;;;;155;;;;;68;;;;;;;
Brand A-UK-17Q1-SOC-CAACQ-WolfCub;;;;;;;;3,828;339;505;;;;;;;;;;;;;;;;;;;;;;;;;
Brand A-UK-17Q1-SOC-CA-CON-WOLF-CUB-REVIEW-TRAFFIC;;;;;;;;465;;;;;;;;;;;;;;;;;;;;;;;;;;;
Brand A-UK-17Q1-SOC-SB-6NATIONS-CPC;;;;;;;;96;779;120;100;710;258;;;;;;;;;;;;;;;;;;;;;;
Brand A-UK-17Q1-SOC-SB-ACQ-F1-BET10GET20-CONVERSIONS;;;;;;;;;;;;;734;293;108;;;;;;;;;;;;;;;;;;;;
Brand A-UK-17Q2-SOC-CA-ACQ-CasinoGeneric;;;;;;;;;;;;;;;;;;271;4,642;4,273;3,021;3,439;1,938;2,526;1,211;1,925;654;;;;;;;;
Brand A-UK-17Q2-SOC-CA-ACQ-SlotsAlwaysOn;;;;;;;;;;;;;;;;;;;3,382;7,328;5,172;5,907;4,035;3,727;4,267;2,651;1,354;342;30;;43;11;;;
Brand A-UK-17Q3-SOC-CA-ACQ-CasinoGeneric;;;;;;;;;;;;;;;;;;;;;;;;;;;;2,382;2,019;3,327;3,925;2,985;2,768;2,673;1,226
Brand A-UK-17Q3-SOC-CA-ACQ-DreamCatcher;;;;;;;;;;;;;;;;;;;;;;;;;;;;;;659;1,609;892;903;500;770
Brand A-UK-17Q3-SOC-CA-ACQ-SlotsAlwaysOn;;;;;;;;;;;;;;;;;;;;;;;;;;;;2,967;8,323;9,836;8,220;7,779;8,072;8,064;4,046
Brand C-FI-17Q2-ATL-UELFINAL;;;;;;;;;;;;;;;;;150;1,162;216;;;;;;;;;;;;;;;;
Brand D-IT-16Q4-BTL-GOC-RTB;3,797;1,793;129;;;;;;;;;;;;;;;;;;;;;;;;;;;;;;;;
Brand D-IT-16Q4-BTL-GOC-RTB-Rocketfuel;3,165;1,849;211;;;;;;;;;;;;;;;;;;;;;;;;;;;;;;;;
Brand D-IT-17Q1-BTL-GOC-RTB;1,426;4,939;7,969;7,498;7,436;8,904;8,889;8,377;8,143;7,277;8,194;8,151;6,920;4,750;325;;;;;;;;;;;;;;;;;;;;
Brand D-IT-17Q1-BTL-GOC-RTB-Rocketfuel;1,488;9,577;10,306;9,826;9,633;9,030;10,588;7,941;10,150;9,826;9,684;10,610;9,381;5,884;1,179;184;;;;;;;;;;;;;;;;;;;
Brand D-IT-2017-BTL-GOC-RTB;;;;;;;;;;;;;;8,490;15,857;14,658;15,178;15,408;15,074;14,556;13,810;13,947;11,658;13,164;13,592;13,754;12,750;12,007;12,333;14,041;13,370;13,015;14,017;14,229;8,621
Brand E-DK-17Q1-BTL-GOC;;;;;;;;121;2,624;3,064;3,050;2,924;2,281;;;;;;;;;;;;;;;;;;;;;;
Brand E-FI-17Q1-ATL-GOC-Bloodsucker-Mar;;;;;;;;;;;635;1,220;806;680;;;;;;;;;;;;;;;;;;;;;
Brand E-FI-17Q1-ATL-GOC-SuperNDC;;;;;;;;;;728;1,838;619;341;39;;;;;;;;;;;;;;;;;;;;;
Brand E-FI-17Q1-ATL-GOC-Wchockey;;;;;;;;;;;;256;1,074;2,294;2,436;2,617;1,084;;;;;;;;;;;;;;;;;;
Brand E-FI-17Q1-ATL-GOC-WelcomeBonus;;;115;1,278;2,879;3,963;3,206;3,260;3,516;511;55;113;161;434;559;321;332;404;6;128;207;274;233;59;;;710;521;844;551;173;245;133;;
Brand E-FI-17Q1-ATL-GOC-WolfCub;;;;;;;;132;775;1,484;1,815;1,087;1,064;1,150;186;688;915;505;322;795;360;;;;;;;;;;;;;;
Brand E-FI-17Q1-BTL-GOC;;;937;2,321;2,967;2,651;3,058;3,337;2,987;3,722;4,983;7,344;7,917;5,933;1,261;55;;;;;;;;;;;;;;;;;;;
Brand E-FI-17Q2-ATL-GOC-WelcomeBonus;;;;;;;;;;;;;;;;;255;1,373;1,408;350;;;;;;;118;;201;254;131;;338;1,586;1,360
Brand E-FI-17Q2-BTL-GOC;;;;;;;;;;;;;;1,766;5,105;5,343;5,457;6,148;4,732;5,236;6,188;4,410;5,157;6,752;4,504;4,480;3,559;4,466;5,774;5,502;4,861;4,807;3,095;4,291;2,834
Brand E-PL-BTL-17Q1-GOC;;;;;115;330;236;72;17;75;;;;;;;;;;;;;;;;;;;;;;;;;
Brand E-UK-17Q1-ATL-GOC-Launch;;;;;;;;;;;;1,326;675;289;;;;;;;;;;;;;;;;;;;;;
Brand E-UK-17Q1-BTL-GOC;;;;393;3,237;3,780;1,837;1,376;1,677;2,058;1,367;1,761;1,739;1,045;220;;;;;;;;;;;;;;;;;;;;
Brand E-UK-17Q1-SOC-BloodNewBlack2;;;;;;;;;;;;376;1,791;431;157;;;;;;;;;;;;;;;;;;;;
Brand E-UK-17Q2-ATL-PMP-GOC-Filmfestival;;;;;;;;;;;;;;;;;;;;;;125;;107;141;236;250;;;;;;;;
Brand E-UK-17Q2-BTL-GOC;;;;;;;;;;;;;;113;970;1,961;1,662;1,532;2,387;2,554;2,767;3,287;2,122;3,178;2,813;3,095;3,619;2,255;2,797;3,313;2,969;2,962;2,332;2,369;1,305
Brand E-UK-17Q2-SOC-ACQ-WB;;;;;;;;;;;;;;59;411;320;;;;;;;;;;;;;;;;;;;
Brand E-UK-17Q3-ATL-Influencers;;;;;;;;;;;;;;;;;;;;;;;;;;;;;;;;48;;;
Brand E-UK-SOC-17Q1-GOC-Facebook;;;;;;;;;;253;;;140;200;;;;;;;179;;;;;;;;;;;;;;
Brand E-UK-SOC-ACQ-17Q3-ME-TIME;;;;;;;;;;;;;;;;;;;;;;;;;;245;300;329;;;;;;;
Brand E-UK-SOC-ACQ-17Q3-ME-TIME-AND-WB;;;;;;;;;;;;;;;;;;;;;;;;;;;;;158;373;169;107;384;230;223
Brand E-UK-SOC-ACQ-17Q3-ROULETTEOCLOCK;;;;;;;;;;;;;;;;;;;;;;;;;;;;;;;;;;190;71
Brand F-EE-16Q4-BTL-POK-EE;5;;;;;;;;;;;;;;;;;;;;;;;;;;;;;;;;;;
Brand F-EE-17Q1-ATL-SB-Birthday;118;795;1,567;692;620;359;144;211;;;;;;;;;;;;;;;;;;;;;;;;;;;
Brand F-EE-17Q1-ATL-SB-FirstDeposit;;;;;;138;800;994;458;20;8;;195;99;114;175;196;171;246;;;;;;;;;;;;;;;;
Brand F-EE-17Q1-ATL-SB-Manchester;;;;;;;;;;264;872;603;380;;;;;;;;;;;;;;;;;;;;;;
Brand F-EE-17Q1-BTL-GEN-EE-PU;;;323;290;517;234;574;474;241;409;296;;;;;;;;;;;;;;;;;;;;;;;;
Brand F-EE-17Q1-BTL-GOC-EE;;528;507;325;524;246;85;295;161;441;343;342;536;282;;;;;;;;;;;;;;;;;;;;;
Brand F-EE-17Q1-BTL-GOC-Popunders-Adcash;;;;;;;;;40;456;463;215;135;;;;;;;;;;;;;;;;;;;;;;
Brand F-EE-17Q1-BTL-POK-EE;;225;242;492;180;410;321;458;276;380;181;183;431;298;4;;;;;;;;;;;;;;;;;;;;
Brand F-EE-17Q1-BTL-POK-RU;;;;;;;;181;14;197;;5;;;;;;;;;;;;;;;;;;;;;;;
Brand F-EE-17Q2-ATL-Betsafe_Confederation_Cup;;;;;;;;;;;;;;;;;;;;;;;;;132;296;152;;;;;;;;
Brand F-EE-17Q2-ATL-Betsafe_Foreign_traffic_casino;;;;;;;;;;;;;;;;;;;;;;;;;;;;155;251;66;242;61;116;;
Brand F-EE-17Q2-ATL-Betsafe-EstBel;;;;;;;;;;;;;;;;;;;;;;;154;921;159;;;;;;;;;;
Brand F-EE-17Q2-ATL-BetsafeLaunch-FightShow;;;;;;;;;;;;;;;;;;;2;;;;;;;;;;;;;;;;
Brand F-EE-17Q2-ATL-BetsafeLaunch-Football;;;;;;;;;;;;;;;;;;230;1,205;1,125;247;169;539;147;43;33;19;17;;9;;119;;259;195
Brand F-EE-17Q2-ATL-JackpotApril;;;;;;;;;;;;;;;549;1,274;381;393;206;;;;;;;;;;;;;;;;
Brand F-EE-17Q2-ATL-SB-Betsafe-UEFA-Finals;;;;;;;;;;;;;;;;;;;;;;;33;79;90;;;;;;;;;;
Brand F-EE-17Q2-Q4-BTL-GOC-PU;;;;;;;;;;;;;;;275;60;261;217;;;;;;;;;;;;;;;;;
Brand F-EE-17Q2-Q4-BTL-POK-PU;;;;;;;;;;;;;;;;200;146;;;;;;;236;;;;;;;;;;;
Brand F-EE-17Q3-ATL-Betsafe Viaplay;;;;;;;;;;;;;;;;;;;;;;;;;;;;;;;;112;954;2,074;2,678
Brand F-EE-17Q3-ATL-Betsafe-McGregor;;;;;;;;;;;;;;;;;;;;;;;;;;;;;;;;;;458;2,009
Brand F-LV-16Q4-BTL-GEN-XmasCalendar-PU;109;164;80;345;172;440;387;282;143;;;;;;;;;;;;;;;;;;;;;;;;;;
Brand F-LV-17Q1-ATL-SB-Hockey;;71;759;872;944;638;411;949;745;706;413;741;1,162;943;908;315;55;524;331;180;279;;;;;;;;;;;;;;
Brand F-LV-17Q1-BTL-GEN-LV-PU;;308;1,183;761;729;1,093;959;856;956;530;1,397;1,060;794;146;;;;;;;;;;;;;;;;;;;;;
Brand F-LV-17Q1-BTL-GOC;;262;267;273;145;460;359;480;683;642;553;649;249;99;40;;;;;;;;16;32;;;;;;;;;;;
Brand F-LV-17Q1-BTL-GOC-RU;;;;;;248;352;269;446;289;273;125;291;192;;;;;;;;;;;;;;;;;;;;;
Brand F-LV-17Q1-BTL-POK;;376;530;438;501;834;435;352;500;667;327;;;158;40;;;;;;;;;;;;;;;;;;;;
Brand F-LV-17Q1-BTL-SB-LV;;443;928;365;133;273;284;382;279;431;290;304;145;209;;;;;;;;;;;;;;;;;;;;;
Brand F-LV-17Q2-BTL-GOC-PU;;;;;;;;;;;;;;247;156;321;255;503;93;;;;;;;;;;;;;;;;
Brand F-LV-17Q2-BTL-POK-PU;;;;;;;;;;;;;;156;154;;639;94;62;;;;;;;;;;;;;;;;
Brand G-NL-17Q1-BTL-GOC-RTB;267;4,366;5,126;5,477;5,475;4,012;3,685;4,867;3,818;3,348;3,953;3,935;2,841;1,733;572;;;;;;;;;;;;;;;;;;;;
Brand G-NL-17Q1-BTL-SB-RTB;312;4,241;5,544;7,111;7,194;5,229;4,882;5,252;4,628;5,203;4,214;3,877;4,574;3,356;363;;;;;;;;;;;;;;;;;;;;
Brand G-NL-2017-BTL-GOC-RTB;;;;;;;;;;;;;;2,217;3,116;1,885;3,028;2,311;2,985;3,468;3,409;3,251;3,772;5,073;5,124;6,763;5,394;3,928;3,574;4,930;4,424;4,025;4,999;4,131;2,943
Brand G-NL-2017-BTL-SB-RTB;;;;;;;;;;;;;;1,966;5,176;4,109;7,000;4,920;5,557;4,460;3,713;3,997;4,118;5,198;5,337;4,696;5,842;4,814;5,036;5,175;6,572;6,154;5,646;6,607;5,517
Brand H-NL-16Q4-BTL-GOC-RTB;1,688;1,199;;;;;;;;;;;;;;;;;;;;;;;;;;;;;;;;;
Brand H-NL-17Q1-BTL-GOC-RTB;5;3,431;6,238;6,268;6,337;4,983;5,395;5,544;5,203;4,110;4,426;5,138;5,720;3,360;546;;;;;;;;;;;;;;;;;;;;
DART Search;4,876;11,918;10,991;11,330;10,376;13,235;15,034;16,945;13,391;12,852;11,883;10,041;8,787;8,710;9,289;9,004;9,652;9,292;9,219;9,742;10,216;9,683;8,927;8,072;10,085;11,154;9,335;9,794;8,473;8,228;8,521;9,825;12,883;11,949;9,436
ViQ test Campaign;;;;;;;;;;;;;;;;;;;;;;;12;;;;;;;;;;;;
Brand A-UK-17Q2-SOC-SB-ACQ-BROOKSPENCE;;;;;;;;;;;;;;;;;;;;;62;732;;39;;;;;;;;;;;
Brand E-DK-17Q1-ATL-GOC-Mar;;;;;;;;;;;133;230;977;1084;255;;;;;;;;;;;;;;;;;;;;
Brand E-FI-17Q2-ATL-GOC-Filmfestival;;;;;;;;;;;;;;;;;;;;175;1220;1389;1796;360;401;451;;;;;;;;;
