CUSTOMER_ID,CUST_FIRST_NAME,CUST_LAST_NAME,CUST_ADDRESS,PHONE_NUMBERS,NLS_LANGUAGE,NLS_TERRITORY,CREDIT_LIMIT,CUST_EMAIL,ACCOUNT_MGR_ID,CUST_GEO_LOCATION,DATE_OF_BIRTH,MARITAL_STATUS,GENDER,INCOME_LEVEL
144,Sivaji,Landis,[unsupported data type],[unsupported data type],us,AMERICA,500,Sivaji.Landis@GOLDENEYE.EXAMPLE.COM,145,"<div><span class=""complexContent"" style=""display: none;""><a class=""openClose"" href=""#"" title=""Show Children""><span class=""xml-icon right-arrow""></span></a><span class=""jsonObject"">{</span><span class=""textValue""> ... </span><span class=""jsonObject"">}</span></span><div class=""complexContent""><a class=""openClose"" href=""#"" title=""Hide Children""><span class=""xml-icon down-arrow""></span></a><span class=""jsonObject"">{</span><div><span class=""repeatingContent""><span class=""jsonQuote"">""</span><span class=""jsonName"">srid</span><span class=""jsonQuote"">""</span><span class=""jsonSeperator""> : </span><span class=""jsonValue"">8307</span><span class=""jsonSeperator"">,</span></span></div><div><span><span class=""repeatingContent""><span class=""jsonQuote"">""</span><span class=""jsonName"">point</span><span class=""jsonQuote"">""</span><span class=""jsonSeperator""> : </span><span class=""jsonObject"">{</span><span><span class=""singletonContent""><span class=""jsonQuote"">""</span><span class=""jsonName"">directposition</span><span class=""jsonQuote"">""</span><span class=""jsonSeperator""> : </span><span class=""jsonArray"">[</span><span class=""singletonContent""><span class=""jsonValue"">-91.66643</span><span class=""jsonSeperator"">,</span><span class=""singletonContent""><span class=""jsonValue"">41.977151</span></span></span><span class=""jsonArray"">]</span></span></span><span class=""jsonObject"">}</span></span></span></div><div class=""complexContent""><span class=""jsonObject"">}</span></div></div></div>",09-FEB-70,married,M,"F: 110,000 - 129,999"
145,Mammutti,Pacino,[unsupported data type],[unsupported data type],us,AMERICA,500,Mammutti.Pacino@GREBE.EXAMPLE.COM,145,"<div><span class=""complexContent"" style=""display: none;""><a class=""openClose"" href=""#"" title=""Show Children""><span class=""xml-icon right-arrow""></span></a><span class=""jsonObject"">{</span><span class=""textValue""> ... </span><span class=""jsonObject"">}</span></span><div class=""complexContent""><a class=""openClose"" href=""#"" title=""Hide Children""><span class=""xml-icon down-arrow""></span></a><span class=""jsonObject"">{</span><div><span class=""repeatingContent""><span class=""jsonQuote"">""</span><span class=""jsonName"">srid</span><span class=""jsonQuote"">""</span><span class=""jsonSeperator""> : </span><span class=""jsonValue"">8307</span><span class=""jsonSeperator"">,</span></span></div><div><span><span class=""repeatingContent""><span class=""jsonQuote"">""</span><span class=""jsonName"">point</span><span class=""jsonQuote"">""</span><span class=""jsonSeperator""> : </span><span class=""jsonObject"">{</span><span><span class=""singletonContent""><span class=""jsonQuote"">""</span><span class=""jsonName"">directposition</span><span class=""jsonQuote"">""</span><span class=""jsonSeperator""> : </span><span class=""jsonArray"">[</span><span class=""singletonContent""><span class=""jsonValue"">-91.51556</span><span class=""jsonSeperator"">,</span><span class=""singletonContent""><span class=""jsonValue"">44.795509</span></span></span><span class=""jsonArray"">]</span></span></span><span class=""jsonObject"">}</span></span></span></div><div class=""complexContent""><span class=""jsonObject"">}</span></div></div></div>",19-FEB-46,single,M,"F: 110,000 - 129,999"
146,Elia,Fawcett,[unsupported data type],[unsupported data type],us,AMERICA,500,Elia.Fawcett@JACANA.EXAMPLE.COM,145,"<div><span class=""complexContent"" style=""display: none;""><a class=""openClose"" href=""#"" title=""Show Children""><span class=""xml-icon right-arrow""></span></a><span class=""jsonObject"">{</span><span class=""textValue""> ... </span><span class=""jsonObject"">}</span></span><div class=""complexContent""><a class=""openClose"" href=""#"" title=""Hide Children""><span class=""xml-icon down-arrow""></span></a><span class=""jsonObject"">{</span><div><span class=""repeatingContent""><span class=""jsonQuote"">""</span><span class=""jsonName"">srid</span><span class=""jsonQuote"">""</span><span class=""jsonSeperator""> : </span><span class=""jsonValue"">8307</span><span class=""jsonSeperator"">,</span></span></div><div><span><span class=""repeatingContent""><span class=""jsonQuote"">""</span><span class=""jsonName"">point</span><span class=""jsonQuote"">""</span><span class=""jsonSeperator""> : </span><span class=""jsonObject"">{</span><span><span class=""singletonContent""><span class=""jsonQuote"">""</span><span class=""jsonName"">directposition</span><span class=""jsonQuote"">""</span><span class=""jsonSeperator""> : </span><span class=""jsonArray"">[</span><span class=""singletonContent""><span class=""jsonValue"">-87.91422</span><span class=""jsonSeperator"">,</span><span class=""singletonContent""><span class=""jsonValue"">43.180714</span></span></span><span class=""jsonArray"">]</span></span></span><span class=""jsonObject"">}</span></span></span></div><div class=""complexContent""><span class=""jsonObject"">}</span></div></div></div>",12-MAR-63,married,F,"L: 300,000 and above"
147,Ishwarya,Roberts,[unsupported data type],[unsupported data type],us,AMERICA,600,Ishwarya.Roberts@LAPWING.EXAMPLE.COM,145,"<div><span class=""complexContent"" style=""display: none;""><a class=""openClose"" href=""#"" title=""Show Children""><span class=""xml-icon right-arrow""></span></a><span class=""jsonObject"">{</span><span class=""textValue""> ... </span><span class=""jsonObject"">}</span></span><div class=""complexContent""><a class=""openClose"" href=""#"" title=""Hide Children""><span class=""xml-icon down-arrow""></span></a><span class=""jsonObject"">{</span><div><span class=""repeatingContent""><span class=""jsonQuote"">""</span><span class=""jsonName"">srid</span><span class=""jsonQuote"">""</span><span class=""jsonSeperator""> : </span><span class=""jsonValue"">8307</span><span class=""jsonSeperator"">,</span></span></div><div><span><span class=""repeatingContent""><span class=""jsonQuote"">""</span><span class=""jsonName"">point</span><span class=""jsonQuote"">""</span><span class=""jsonSeperator""> : </span><span class=""jsonObject"">{</span><span><span class=""singletonContent""><span class=""jsonQuote"">""</span><span class=""jsonName"">directposition</span><span class=""jsonQuote"">""</span><span class=""jsonSeperator""> : </span><span class=""jsonArray"">[</span><span class=""singletonContent""><span class=""jsonValue"">-87.99294</span><span class=""jsonSeperator"">,</span><span class=""singletonContent""><span class=""jsonValue"">43.148558</span></span></span><span class=""jsonArray"">]</span></span></span><span class=""jsonObject"">}</span></span></span></div><div class=""complexContent""><span class=""jsonObject"">}</span></div></div></div>",21-MAR-44,single,F,"G: 130,000 - 149,999"
148,Gustav,Steenburgen,[unsupported data type],[unsupported data type],us,AMERICA,600,Gustav.Steenburgen@PINTAIL.EXAMPLE.COM,145,"<div><span class=""complexContent"" style=""display: none;""><a class=""openClose"" href=""#"" title=""Show Children""><span class=""xml-icon right-arrow""></span></a><span class=""jsonObject"">{</span><span class=""textValue""> ... </span><span class=""jsonObject"">}</span></span><div class=""complexContent""><a class=""openClose"" href=""#"" title=""Hide Children""><span class=""xml-icon down-arrow""></span></a><span class=""jsonObject"">{</span><div><span class=""repeatingContent""><span class=""jsonQuote"">""</span><span class=""jsonName"">srid</span><span class=""jsonQuote"">""</span><span class=""jsonSeperator""> : </span><span class=""jsonValue"">8307</span><span class=""jsonSeperator"">,</span></span></div><div><span><span class=""repeatingContent""><span class=""jsonQuote"">""</span><span class=""jsonName"">point</span><span class=""jsonQuote"">""</span><span class=""jsonSeperator""> : </span><span class=""jsonObject"">{</span><span><span class=""singletonContent""><span class=""jsonQuote"">""</span><span class=""jsonName"">directposition</span><span class=""jsonQuote"">""</span><span class=""jsonSeperator""> : </span><span class=""jsonArray"">[</span><span class=""singletonContent""><span class=""jsonValue"">-89.32103</span><span class=""jsonSeperator"">,</span><span class=""singletonContent""><span class=""jsonValue"">43.11362</span></span></span><span class=""jsonArray"">]</span></span></span><span class=""jsonObject"">}</span></span></span></div><div class=""complexContent""><span class=""jsonObject"">}</span></div></div></div>",10-APR-50,married,M,"F: 110,000 - 129,999"
149,Markus,Rampling,[unsupported data type],[unsupported data type],us,AMERICA,600,Markus.Rampling@PUFFIN.EXAMPLE.COM,145,"<div><span class=""complexContent"" style=""display: none;""><a class=""openClose"" href=""#"" title=""Show Children""><span class=""xml-icon right-arrow""></span></a><span class=""jsonObject"">{</span><span class=""textValue""> ... </span><span class=""jsonObject"">}</span></span><div class=""complexContent""><a class=""openClose"" href=""#"" title=""Hide Children""><span class=""xml-icon down-arrow""></span></a><span class=""jsonObject"">{</span><div><span class=""repeatingContent""><span class=""jsonQuote"">""</span><span class=""jsonName"">srid</span><span class=""jsonQuote"">""</span><span class=""jsonSeperator""> : </span><span class=""jsonValue"">8307</span><span class=""jsonSeperator"">,</span></span></div><div><span><span class=""repeatingContent""><span class=""jsonQuote"">""</span><span class=""jsonName"">point</span><span class=""jsonQuote"">""</span><span class=""jsonSeperator""> : </span><span class=""jsonObject"">{</span><span><span class=""singletonContent""><span class=""jsonQuote"">""</span><span class=""jsonName"">directposition</span><span class=""jsonQuote"">""</span><span class=""jsonSeperator""> : </span><span class=""jsonArray"">[</span><span class=""singletonContent""><span class=""jsonValue"">-89.31665</span><span class=""jsonSeperator"">,</span><span class=""singletonContent""><span class=""jsonValue"">43.130717</span></span></span><span class=""jsonArray"">]</span></span></span><span class=""jsonObject"">}</span></span></span></div><div class=""complexContent""><span class=""jsonObject"">}</span></div></div></div>",20-APR-41,single,M,"D: 70,000 - 89,999"
150,Goldie,Slater,[unsupported data type],[unsupported data type],us,AMERICA,700,Goldie.Slater@PYRRHULOXIA.EXAMPLE.COM,145,"<div><span class=""complexContent"" style=""display: none;""><a class=""openClose"" href=""#"" title=""Show Children""><span class=""xml-icon right-arrow""></span></a><span class=""jsonObject"">{</span><span class=""textValue""> ... </span><span class=""jsonObject"">}</span></span><div class=""complexContent""><a class=""openClose"" href=""#"" title=""Hide Children""><span class=""xml-icon down-arrow""></span></a><span class=""jsonObject"">{</span><div><span class=""repeatingContent""><span class=""jsonQuote"">""</span><span class=""jsonName"">srid</span><span class=""jsonQuote"">""</span><span class=""jsonSeperator""> : </span><span class=""jsonValue"">8307</span><span class=""jsonSeperator"">,</span></span></div><div><span><span class=""repeatingContent""><span class=""jsonQuote"">""</span><span class=""jsonName"">point</span><span class=""jsonQuote"">""</span><span class=""jsonSeperator""> : </span><span class=""jsonObject"">{</span><span><span class=""singletonContent""><span class=""jsonQuote"">""</span><span class=""jsonName"">directposition</span><span class=""jsonQuote"">""</span><span class=""jsonSeperator""> : </span><span class=""jsonArray"">[</span><span class=""singletonContent""><span class=""jsonValue"">-87.99083</span><span class=""jsonSeperator"">,</span><span class=""singletonContent""><span class=""jsonValue"">43.130205</span></span></span><span class=""jsonArray"">]</span></span></span><span class=""jsonObject"">}</span></span></span></div><div class=""complexContent""><span class=""jsonObject"">}</span></div></div></div>",11-MAY-51,married,M,"D: 70,000 - 89,999"
151,Divine,Aykroyd,[unsupported data type],[unsupported data type],us,AMERICA,700,Divine.Aykroyd@REDSTART.EXAMPLE.COM,145,"<div><span class=""complexContent"" style=""display: none;""><a class=""openClose"" href=""#"" title=""Show Children""><span class=""xml-icon right-arrow""></span></a><span class=""jsonObject"">{</span><span class=""textValue""> ... </span><span class=""jsonObject"">}</span></span><div class=""complexContent""><a class=""openClose"" href=""#"" title=""Hide Children""><span class=""xml-icon down-arrow""></span></a><span class=""jsonObject"">{</span><div><span class=""repeatingContent""><span class=""jsonQuote"">""</span><span class=""jsonName"">srid</span><span class=""jsonQuote"">""</span><span class=""jsonSeperator""> : </span><span class=""jsonValue"">8307</span><span class=""jsonSeperator"">,</span></span></div><div><span><span class=""repeatingContent""><span class=""jsonQuote"">""</span><span class=""jsonName"">point</span><span class=""jsonQuote"">""</span><span class=""jsonSeperator""> : </span><span class=""jsonObject"">{</span><span><span class=""singletonContent""><span class=""jsonQuote"">""</span><span class=""jsonName"">directposition</span><span class=""jsonQuote"">""</span><span class=""jsonSeperator""> : </span><span class=""jsonArray"">[</span><span class=""singletonContent""><span class=""jsonValue"">-88.049291</span><span class=""jsonSeperator"">,</span><span class=""singletonContent""><span class=""jsonValue"">43.00271</span></span></span><span class=""jsonArray"">]</span></span></span><span class=""jsonObject"">}</span></span></span></div><div class=""complexContent""><span class=""jsonObject"">}</span></div></div></div>",20-MAY-76,single,M,"F: 110,000 - 129,999"
152,Dieter,Matthau,[unsupported data type],[unsupported data type],us,AMERICA,700,Dieter.Matthau@VERDIN.EXAMPLE.COM,145, - ,09-JUN-22,married,M,"A: Below 30,000"
153,Divine,Sheen,[unsupported data type],[unsupported data type],us,AMERICA,700,Divine.Sheen@COWBIRD.EXAMPLE.COM,145,"<div><span class=""complexContent"" style=""display: none;""><a class=""openClose"" href=""#"" title=""Show Children""><span class=""xml-icon right-arrow""></span></a><span class=""jsonObject"">{</span><span class=""textValue""> ... </span><span class=""jsonObject"">}</span></span><div class=""complexContent""><a class=""openClose"" href=""#"" title=""Hide Children""><span class=""xml-icon down-arrow""></span></a><span class=""jsonObject"">{</span><div><span class=""repeatingContent""><span class=""jsonQuote"">""</span><span class=""jsonName"">srid</span><span class=""jsonQuote"">""</span><span class=""jsonSeperator""> : </span><span class=""jsonValue"">8307</span><span class=""jsonSeperator"">,</span></span></div><div><span><span class=""repeatingContent""><span class=""jsonQuote"">""</span><span class=""jsonName"">point</span><span class=""jsonQuote"">""</span><span class=""jsonSeperator""> : </span><span class=""jsonObject"">{</span><span><span class=""singletonContent""><span class=""jsonQuote"">""</span><span class=""jsonName"">directposition</span><span class=""jsonQuote"">""</span><span class=""jsonSeperator""> : </span><span class=""jsonArray"">[</span><span class=""singletonContent""><span class=""jsonValue"">-89.3638</span><span class=""jsonSeperator"">,</span><span class=""singletonContent""><span class=""jsonValue"">43.107253</span></span></span><span class=""jsonArray"">]</span></span></span><span class=""jsonObject"">}</span></span></span></div><div class=""complexContent""><span class=""jsonObject"">}</span></div></div></div>",20-JUN-67,single,M,"I: 170,000 - 189,999"
154,Frederic,Grodin,[unsupported data type],[unsupported data type],us,AMERICA,700,Frederic.Grodin@CREEPER.EXAMPLE.COM,145,"<div><span class=""complexContent"" style=""display: none;""><a class=""openClose"" href=""#"" title=""Show Children""><span class=""xml-icon right-arrow""></span></a><span class=""jsonObject"">{</span><span class=""textValue""> ... </span><span class=""jsonObject"">}</span></span><div class=""complexContent""><a class=""openClose"" href=""#"" title=""Hide Children""><span class=""xml-icon down-arrow""></span></a><span class=""jsonObject"">{</span><div><span class=""repeatingContent""><span class=""jsonQuote"">""</span><span class=""jsonName"">srid</span><span class=""jsonQuote"">""</span><span class=""jsonSeperator""> : </span><span class=""jsonValue"">8307</span><span class=""jsonSeperator"">,</span></span></div><div><span><span class=""repeatingContent""><span class=""jsonQuote"">""</span><span class=""jsonName"">point</span><span class=""jsonQuote"">""</span><span class=""jsonSeperator""> : </span><span class=""jsonObject"">{</span><span><span class=""singletonContent""><span class=""jsonQuote"">""</span><span class=""jsonName"">directposition</span><span class=""jsonQuote"">""</span><span class=""jsonSeperator""> : </span><span class=""jsonArray"">[</span><span class=""singletonContent""><span class=""jsonValue"">-89.03216</span><span class=""jsonSeperator"">,</span><span class=""singletonContent""><span class=""jsonValue"">42.499575</span></span></span><span class=""jsonArray"">]</span></span></span><span class=""jsonObject"">}</span></span></span></div><div class=""complexContent""><span class=""jsonObject"">}</span></div></div></div>",29-JUN-65,single,F,"L: 300,000 and above"
155,Frederico,Romero,[unsupported data type],[unsupported data type],us,AMERICA,700,Frederico.Romero@CURLEW.EXAMPLE.COM,145,"<div><span class=""complexContent"" style=""display: none;""><a class=""openClose"" href=""#"" title=""Show Children""><span class=""xml-icon right-arrow""></span></a><span class=""jsonObject"">{</span><span class=""textValue""> ... </span><span class=""jsonObject"">}</span></span><div class=""complexContent""><a class=""openClose"" href=""#"" title=""Hide Children""><span class=""xml-icon down-arrow""></span></a><span class=""jsonObject"">{</span><div><span class=""repeatingContent""><span class=""jsonQuote"">""</span><span class=""jsonName"">srid</span><span class=""jsonQuote"">""</span><span class=""jsonSeperator""> : </span><span class=""jsonValue"">8307</span><span class=""jsonSeperator"">,</span></span></div><div><span><span class=""repeatingContent""><span class=""jsonQuote"">""</span><span class=""jsonName"">point</span><span class=""jsonQuote"">""</span><span class=""jsonSeperator""> : </span><span class=""jsonObject"">{</span><span><span class=""singletonContent""><span class=""jsonQuote"">""</span><span class=""jsonName"">directposition</span><span class=""jsonQuote"">""</span><span class=""jsonSeperator""> : </span><span class=""jsonArray"">[</span><span class=""singletonContent""><span class=""jsonValue"">-87.90777</span><span class=""jsonSeperator"">,</span><span class=""singletonContent""><span class=""jsonValue"">43.037372</span></span></span><span class=""jsonArray"">]</span></span></span><span class=""jsonObject"">}</span></span></span></div><div class=""complexContent""><span class=""jsonObject"">}</span></div></div></div>",09-JUL-42,married,M,"E: 90,000 - 109,999"
156,Goldie,Montand,[unsupported data type],[unsupported data type],us,AMERICA,700,Goldie.Montand@DIPPER.EXAMPLE.COM,145,"<div><span class=""complexContent"" style=""display: none;""><a class=""openClose"" href=""#"" title=""Show Children""><span class=""xml-icon right-arrow""></span></a><span class=""jsonObject"">{</span><span class=""textValue""> ... </span><span class=""jsonObject"">}</span></span><div class=""complexContent""><a class=""openClose"" href=""#"" title=""Hide Children""><span class=""xml-icon down-arrow""></span></a><span class=""jsonObject"">{</span><div><span class=""repeatingContent""><span class=""jsonQuote"">""</span><span class=""jsonName"">srid</span><span class=""jsonQuote"">""</span><span class=""jsonSeperator""> : </span><span class=""jsonValue"">8307</span><span class=""jsonSeperator"">,</span></span></div><div><span><span class=""repeatingContent""><span class=""jsonQuote"">""</span><span class=""jsonName"">point</span><span class=""jsonQuote"">""</span><span class=""jsonSeperator""> : </span><span class=""jsonObject"">{</span><span><span class=""singletonContent""><span class=""jsonQuote"">""</span><span class=""jsonName"">directposition</span><span class=""jsonQuote"">""</span><span class=""jsonSeperator""> : </span><span class=""jsonArray"">[</span><span class=""singletonContent""><span class=""jsonValue"">-87.91841</span><span class=""jsonSeperator"">,</span><span class=""singletonContent""><span class=""jsonValue"">43.113239</span></span></span><span class=""jsonArray"">]</span></span></span><span class=""jsonObject"">}</span></span></span></div><div class=""complexContent""><span class=""jsonObject"">}</span></div></div></div>",09-AUG-55,married,F,"F: 110,000 - 129,999"
157,Sidney,Capshaw,[unsupported data type],[unsupported data type],us,AMERICA,700,Sidney.Capshaw@DUNLIN.EXAMPLE.COM,145,"<div><span class=""complexContent"" style=""display: none;""><a class=""openClose"" href=""#"" title=""Show Children""><span class=""xml-icon right-arrow""></span></a><span class=""jsonObject"">{</span><span class=""textValue""> ... </span><span class=""jsonObject"">}</span></span><div class=""complexContent""><a class=""openClose"" href=""#"" title=""Hide Children""><span class=""xml-icon down-arrow""></span></a><span class=""jsonObject"">{</span><div><span class=""repeatingContent""><span class=""jsonQuote"">""</span><span class=""jsonName"">srid</span><span class=""jsonQuote"">""</span><span class=""jsonSeperator""> : </span><span class=""jsonValue"">8307</span><span class=""jsonSeperator"">,</span></span></div><div><span><span class=""repeatingContent""><span class=""jsonQuote"">""</span><span class=""jsonName"">point</span><span class=""jsonQuote"">""</span><span class=""jsonSeperator""> : </span><span class=""jsonObject"">{</span><span><span class=""singletonContent""><span class=""jsonQuote"">""</span><span class=""jsonName"">directposition</span><span class=""jsonQuote"">""</span><span class=""jsonSeperator""> : </span><span class=""jsonArray"">[</span><span class=""singletonContent""><span class=""jsonValue"">-87.90745</span><span class=""jsonSeperator"">,</span><span class=""singletonContent""><span class=""jsonValue"">43.037389</span></span></span><span class=""jsonArray"">]</span></span></span><span class=""jsonObject"">}</span></span></span></div><div class=""complexContent""><span class=""jsonObject"">}</span></div></div></div>",18-AUG-69,single,M,"G: 130,000 - 149,999"
158,Frederico,Lyon,[unsupported data type],[unsupported data type],us,AMERICA,700,Frederico.Lyon@FLICKER.EXAMPLE.COM,145,"<div><span class=""complexContent"" style=""display: none;""><a class=""openClose"" href=""#"" title=""Show Children""><span class=""xml-icon right-arrow""></span></a><span class=""jsonObject"">{</span><span class=""textValue""> ... </span><span class=""jsonObject"">}</span></span><div class=""complexContent""><a class=""openClose"" href=""#"" title=""Hide Children""><span class=""xml-icon down-arrow""></span></a><span class=""jsonObject"">{</span><div><span class=""repeatingContent""><span class=""jsonQuote"">""</span><span class=""jsonName"">srid</span><span class=""jsonQuote"">""</span><span class=""jsonSeperator""> : </span><span class=""jsonValue"">8307</span><span class=""jsonSeperator"">,</span></span></div><div><span><span class=""repeatingContent""><span class=""jsonQuote"">""</span><span class=""jsonName"">point</span><span class=""jsonQuote"">""</span><span class=""jsonSeperator""> : </span><span class=""jsonObject"">{</span><span><span class=""singletonContent""><span class=""jsonQuote"">""</span><span class=""jsonName"">directposition</span><span class=""jsonQuote"">""</span><span class=""jsonSeperator""> : </span><span class=""jsonArray"">[</span><span class=""singletonContent""><span class=""jsonValue"">-91.51112</span><span class=""jsonSeperator"">,</span><span class=""singletonContent""><span class=""jsonValue"">44.813529</span></span></span><span class=""jsonArray"">]</span></span></span><span class=""jsonObject"">}</span></span></span></div><div class=""complexContent""><span class=""jsonObject"">}</span></div></div></div>",07-SEP-70,married,M,"J: 190,000 - 249,999"
159,Eddie,Boyer,[unsupported data type],[unsupported data type],us,AMERICA,700,Eddie.Boyer@GALLINULE.EXAMPLE.COM,145,"<div><span class=""complexContent"" style=""display: none;""><a class=""openClose"" href=""#"" title=""Show Children""><span class=""xml-icon right-arrow""></span></a><span class=""jsonObject"">{</span><span class=""textValue""> ... </span><span class=""jsonObject"">}</span></span><div class=""complexContent""><a class=""openClose"" href=""#"" title=""Hide Children""><span class=""xml-icon down-arrow""></span></a><span class=""jsonObject"">{</span><div><span class=""repeatingContent""><span class=""jsonQuote"">""</span><span class=""jsonName"">srid</span><span class=""jsonQuote"">""</span><span class=""jsonSeperator""> : </span><span class=""jsonValue"">8307</span><span class=""jsonSeperator"">,</span></span></div><div><span><span class=""repeatingContent""><span class=""jsonQuote"">""</span><span class=""jsonName"">point</span><span class=""jsonQuote"">""</span><span class=""jsonSeperator""> : </span><span class=""jsonObject"">{</span><span><span class=""singletonContent""><span class=""jsonQuote"">""</span><span class=""jsonName"">directposition</span><span class=""jsonQuote"">""</span><span class=""jsonSeperator""> : </span><span class=""jsonArray"">[</span><span class=""singletonContent""><span class=""jsonValue"">-87.90645</span><span class=""jsonSeperator"">,</span><span class=""singletonContent""><span class=""jsonValue"">43.038621</span></span></span><span class=""jsonArray"">]</span></span></span><span class=""jsonObject"">}</span></span></span></div><div class=""complexContent""><span class=""jsonObject"">}</span></div></div></div>",07-OCT-53,married,M,"G: 130,000 - 149,999"
160,Eddie,Stern,[unsupported data type],[unsupported data type],us,AMERICA,700,Eddie.Stern@GODWIT.EXAMPLE.COM,145,"<div><span class=""complexContent"" style=""display: none;""><a class=""openClose"" href=""#"" title=""Show Children""><span class=""xml-icon right-arrow""></span></a><span class=""jsonObject"">{</span><span class=""textValue""> ... </span><span class=""jsonObject"">}</span></span><div class=""complexContent""><a class=""openClose"" href=""#"" title=""Hide Children""><span class=""xml-icon down-arrow""></span></a><span class=""jsonObject"">{</span><div><span class=""repeatingContent""><span class=""jsonQuote"">""</span><span class=""jsonName"">srid</span><span class=""jsonQuote"">""</span><span class=""jsonSeperator""> : </span><span class=""jsonValue"">8307</span><span class=""jsonSeperator"">,</span></span></div><div><span><span class=""repeatingContent""><span class=""jsonQuote"">""</span><span class=""jsonName"">point</span><span class=""jsonQuote"">""</span><span class=""jsonSeperator""> : </span><span class=""jsonObject"">{</span><span><span class=""singletonContent""><span class=""jsonQuote"">""</span><span class=""jsonName"">directposition</span><span class=""jsonQuote"">""</span><span class=""jsonSeperator""> : </span><span class=""jsonArray"">[</span><span class=""singletonContent""><span class=""jsonValue"">-89.62748</span><span class=""jsonSeperator"">,</span><span class=""singletonContent""><span class=""jsonValue"">44.963124</span></span></span><span class=""jsonArray"">]</span></span></span><span class=""jsonObject"">}</span></span></span></div><div class=""complexContent""><span class=""jsonObject"">}</span></div></div></div>",06-NOV-50,married,M,"G: 130,000 - 149,999"
161,Ernest,Weaver,[unsupported data type],[unsupported data type],us,AMERICA,900,Ernest.Weaver@GROSBEAK.EXAMPLE.COM,145,"<div><span class=""complexContent"" style=""display: none;""><a class=""openClose"" href=""#"" title=""Show Children""><span class=""xml-icon right-arrow""></span></a><span class=""jsonObject"">{</span><span class=""textValue""> ... </span><span class=""jsonObject"">}</span></span><div class=""complexContent""><a class=""openClose"" href=""#"" title=""Hide Children""><span class=""xml-icon down-arrow""></span></a><span class=""jsonObject"">{</span><div><span class=""repeatingContent""><span class=""jsonQuote"">""</span><span class=""jsonName"">srid</span><span class=""jsonQuote"">""</span><span class=""jsonSeperator""> : </span><span class=""jsonValue"">8307</span><span class=""jsonSeperator"">,</span></span></div><div><span><span class=""repeatingContent""><span class=""jsonQuote"">""</span><span class=""jsonName"">point</span><span class=""jsonQuote"">""</span><span class=""jsonSeperator""> : </span><span class=""jsonObject"">{</span><span><span class=""singletonContent""><span class=""jsonQuote"">""</span><span class=""jsonName"">directposition</span><span class=""jsonQuote"">""</span><span class=""jsonSeperator""> : </span><span class=""jsonArray"">[</span><span class=""singletonContent""><span class=""jsonValue"">-88.01714</span><span class=""jsonSeperator"">,</span><span class=""singletonContent""><span class=""jsonValue"">44.510237</span></span></span><span class=""jsonArray"">]</span></span></span><span class=""jsonObject"">}</span></span></span></div><div class=""complexContent""><span class=""jsonObject"">}</span></div></div></div>",16-NOV-42,single,M,"B: 30,000 - 49,999"
162,Ernest,George,[unsupported data type],[unsupported data type],us,AMERICA,900,Ernest.George@LAPWING.EXAMPLE.COM,145,"<div><span class=""complexContent"" style=""display: none;""><a class=""openClose"" href=""#"" title=""Show Children""><span class=""xml-icon right-arrow""></span></a><span class=""jsonObject"">{</span><span class=""textValue""> ... </span><span class=""jsonObject"">}</span></span><div class=""complexContent""><a class=""openClose"" href=""#"" title=""Hide Children""><span class=""xml-icon down-arrow""></span></a><span class=""jsonObject"">{</span><div><span class=""repeatingContent""><span class=""jsonQuote"">""</span><span class=""jsonName"">srid</span><span class=""jsonQuote"">""</span><span class=""jsonSeperator""> : </span><span class=""jsonValue"">8307</span><span class=""jsonSeperator"">,</span></span></div><div><span><span class=""repeatingContent""><span class=""jsonQuote"">""</span><span class=""jsonName"">point</span><span class=""jsonQuote"">""</span><span class=""jsonSeperator""> : </span><span class=""jsonObject"">{</span><span><span class=""singletonContent""><span class=""jsonQuote"">""</span><span class=""jsonName"">directposition</span><span class=""jsonQuote"">""</span><span class=""jsonSeperator""> : </span><span class=""jsonArray"">[</span><span class=""singletonContent""><span class=""jsonValue"">-89.38472</span><span class=""jsonSeperator"">,</span><span class=""singletonContent""><span class=""jsonValue"">43.077067</span></span></span><span class=""jsonArray"">]</span></span></span><span class=""jsonObject"">}</span></span></span></div><div class=""complexContent""><span class=""jsonObject"">}</span></div></div></div>",07-DEC-75,married,M,"D: 70,000 - 89,999"
164,Charlotte,Kazan,[unsupported data type],[unsupported data type],us,AMERICA,1200,Charlotte.Kazan@MERGANSER.EXAMPLE.COM,145,"<div><span class=""complexContent"" style=""display: none;""><a class=""openClose"" href=""#"" title=""Show Children""><span class=""xml-icon right-arrow""></span></a><span class=""jsonObject"">{</span><span class=""textValue""> ... </span><span class=""jsonObject"">}</span></span><div class=""complexContent""><a class=""openClose"" href=""#"" title=""Hide Children""><span class=""xml-icon down-arrow""></span></a><span class=""jsonObject"">{</span><div><span class=""repeatingContent""><span class=""jsonQuote"">""</span><span class=""jsonName"">srid</span><span class=""jsonQuote"">""</span><span class=""jsonSeperator""> : </span><span class=""jsonValue"">8307</span><span class=""jsonSeperator"">,</span></span></div><div><span><span class=""repeatingContent""><span class=""jsonQuote"">""</span><span class=""jsonName"">point</span><span class=""jsonQuote"">""</span><span class=""jsonSeperator""> : </span><span class=""jsonObject"">{</span><span><span class=""singletonContent""><span class=""jsonQuote"">""</span><span class=""jsonName"">directposition</span><span class=""jsonQuote"">""</span><span class=""jsonSeperator""> : </span><span class=""jsonArray"">[</span><span class=""singletonContent""><span class=""jsonValue"">-91.22433</span><span class=""jsonSeperator"">,</span><span class=""singletonContent""><span class=""jsonValue"">43.815379</span></span></span><span class=""jsonArray"">]</span></span></span><span class=""jsonObject"">}</span></span></span></div><div class=""complexContent""><span class=""jsonObject"">}</span></div></div></div>",05-JAN-54,married,M,"I: 170,000 - 189,999"
165,Charlotte,Fonda,[unsupported data type],[unsupported data type],us,AMERICA,1200,Charlotte.Fonda@MOORHEN.EXAMPLE.COM,145,"<div><span class=""complexContent"" style=""display: none;""><a class=""openClose"" href=""#"" title=""Show Children""><span class=""xml-icon right-arrow""></span></a><span class=""jsonObject"">{</span><span class=""textValue""> ... </span><span class=""jsonObject"">}</span></span><div class=""complexContent""><a class=""openClose"" href=""#"" title=""Hide Children""><span class=""xml-icon down-arrow""></span></a><span class=""jsonObject"">{</span><div><span class=""repeatingContent""><span class=""jsonQuote"">""</span><span class=""jsonName"">srid</span><span class=""jsonQuote"">""</span><span class=""jsonSeperator""> : </span><span class=""jsonValue"">8307</span><span class=""jsonSeperator"">,</span></span></div><div><span><span class=""repeatingContent""><span class=""jsonQuote"">""</span><span class=""jsonName"">point</span><span class=""jsonQuote"">""</span><span class=""jsonSeperator""> : </span><span class=""jsonObject"">{</span><span><span class=""singletonContent""><span class=""jsonQuote"">""</span><span class=""jsonName"">directposition</span><span class=""jsonQuote"">""</span><span class=""jsonSeperator""> : </span><span class=""jsonArray"">[</span><span class=""singletonContent""><span class=""jsonValue"">-87.88781</span><span class=""jsonSeperator"">,</span><span class=""singletonContent""><span class=""jsonValue"">43.078038</span></span></span><span class=""jsonArray"">]</span></span></span><span class=""jsonObject"">}</span></span></span></div><div class=""complexContent""><span class=""jsonObject"">}</span></div></div></div>",05-FEB-56,married,M,"J: 190,000 - 249,999"
166,Dheeraj,Alexander,[unsupported data type],[unsupported data type],us,AMERICA,1200,Dheeraj.Alexander@NUTHATCH.EXAMPLE.COM,145,"<div><span class=""complexContent"" style=""display: none;""><a class=""openClose"" href=""#"" title=""Show Children""><span class=""xml-icon right-arrow""></span></a><span class=""jsonObject"">{</span><span class=""textValue""> ... </span><span class=""jsonObject"">}</span></span><div class=""complexContent""><a class=""openClose"" href=""#"" title=""Hide Children""><span class=""xml-icon down-arrow""></span></a><span class=""jsonObject"">{</span><div><span class=""repeatingContent""><span class=""jsonQuote"">""</span><span class=""jsonName"">srid</span><span class=""jsonQuote"">""</span><span class=""jsonSeperator""> : </span><span class=""jsonValue"">8307</span><span class=""jsonSeperator"">,</span></span></div><div><span><span class=""repeatingContent""><span class=""jsonQuote"">""</span><span class=""jsonName"">point</span><span class=""jsonQuote"">""</span><span class=""jsonSeperator""> : </span><span class=""jsonObject"">{</span><span><span class=""singletonContent""><span class=""jsonQuote"">""</span><span class=""jsonName"">directposition</span><span class=""jsonQuote"">""</span><span class=""jsonSeperator""> : </span><span class=""jsonArray"">[</span><span class=""singletonContent""><span class=""jsonValue"">-93.25421</span><span class=""jsonSeperator"">,</span><span class=""singletonContent""><span class=""jsonValue"">45.009864</span></span></span><span class=""jsonArray"">]</span></span></span><span class=""jsonObject"">}</span></span></span></div><div class=""complexContent""><span class=""jsonObject"">}</span></div></div></div>",14-FEB-50,single,F,"G: 130,000 - 149,999"
167,Gerard,Hershey,[unsupported data type],[unsupported data type],us,AMERICA,1200,Gerard.Hershey@PARULA.EXAMPLE.COM,145,"<div><span class=""complexContent"" style=""display: none;""><a class=""openClose"" href=""#"" title=""Show Children""><span class=""xml-icon right-arrow""></span></a><span class=""jsonObject"">{</span><span class=""textValue""> ... </span><span class=""jsonObject"">}</span></span><div class=""complexContent""><a class=""openClose"" href=""#"" title=""Hide Children""><span class=""xml-icon down-arrow""></span></a><span class=""jsonObject"">{</span><div><span class=""repeatingContent""><span class=""jsonQuote"">""</span><span class=""jsonName"">srid</span><span class=""jsonQuote"">""</span><span class=""jsonSeperator""> : </span><span class=""jsonValue"">8307</span><span class=""jsonSeperator"">,</span></span></div><div><span><span class=""repeatingContent""><span class=""jsonQuote"">""</span><span class=""jsonName"">point</span><span class=""jsonQuote"">""</span><span class=""jsonSeperator""> : </span><span class=""jsonObject"">{</span><span><span class=""singletonContent""><span class=""jsonQuote"">""</span><span class=""jsonName"">directposition</span><span class=""jsonQuote"">""</span><span class=""jsonSeperator""> : </span><span class=""jsonArray"">[</span><span class=""singletonContent""><span class=""jsonValue"">-93.29798</span><span class=""jsonSeperator"">,</span><span class=""singletonContent""><span class=""jsonValue"">45.01319</span></span></span><span class=""jsonArray"">]</span></span></span><span class=""jsonObject"">}</span></span></span></div><div class=""complexContent""><span class=""jsonObject"">}</span></div></div></div>",06-MAR-48,married,M,"D: 70,000 - 89,999"
169,Dheeraj,Davis,[unsupported data type],[unsupported data type],us,AMERICA,1200,Dheeraj.Davis@PIPIT.EXAMPLE.COM,145,"<div><span class=""complexContent"" style=""display: none;""><a class=""openClose"" href=""#"" title=""Show Children""><span class=""xml-icon right-arrow""></span></a><span class=""jsonObject"">{</span><span class=""textValue""> ... </span><span class=""jsonObject"">}</span></span><div class=""complexContent""><a class=""openClose"" href=""#"" title=""Hide Children""><span class=""xml-icon down-arrow""></span></a><span class=""jsonObject"">{</span><div><span class=""repeatingContent""><span class=""jsonQuote"">""</span><span class=""jsonName"">srid</span><span class=""jsonQuote"">""</span><span class=""jsonSeperator""> : </span><span class=""jsonValue"">8307</span><span class=""jsonSeperator"">,</span></span></div><div><span><span class=""repeatingContent""><span class=""jsonQuote"">""</span><span class=""jsonName"">point</span><span class=""jsonQuote"">""</span><span class=""jsonSeperator""> : </span><span class=""jsonObject"">{</span><span><span class=""singletonContent""><span class=""jsonQuote"">""</span><span class=""jsonName"">directposition</span><span class=""jsonQuote"">""</span><span class=""jsonSeperator""> : </span><span class=""jsonArray"">[</span><span class=""singletonContent""><span class=""jsonValue"">-93.35285</span><span class=""jsonSeperator"">,</span><span class=""singletonContent""><span class=""jsonValue"">44.924115</span></span></span><span class=""jsonArray"">]</span></span></span><span class=""jsonObject"">}</span></span></span></div><div class=""complexContent""><span class=""jsonObject"">}</span></div></div></div>",05-APR-81,married,F,"F: 110,000 - 129,999"
170,Harry Dean,Fonda,[unsupported data type],[unsupported data type],us,AMERICA,1200,HarryDean.Fonda@PLOVER.EXAMPLE.COM,145,"<div><span class=""complexContent"" style=""display: none;""><a class=""openClose"" href=""#"" title=""Show Children""><span class=""xml-icon right-arrow""></span></a><span class=""jsonObject"">{</span><span class=""textValue""> ... </span><span class=""jsonObject"">}</span></span><div class=""complexContent""><a class=""openClose"" href=""#"" title=""Hide Children""><span class=""xml-icon down-arrow""></span></a><span class=""jsonObject"">{</span><div><span class=""repeatingContent""><span class=""jsonQuote"">""</span><span class=""jsonName"">srid</span><span class=""jsonQuote"">""</span><span class=""jsonSeperator""> : </span><span class=""jsonValue"">8307</span><span class=""jsonSeperator"">,</span></span></div><div><span><span class=""repeatingContent""><span class=""jsonQuote"">""</span><span class=""jsonName"">point</span><span class=""jsonQuote"">""</span><span class=""jsonSeperator""> : </span><span class=""jsonObject"">{</span><span><span class=""singletonContent""><span class=""jsonQuote"">""</span><span class=""jsonName"">directposition</span><span class=""jsonQuote"">""</span><span class=""jsonSeperator""> : </span><span class=""jsonArray"">[</span><span class=""singletonContent""><span class=""jsonValue"">-93.26233</span><span class=""jsonSeperator"">,</span><span class=""singletonContent""><span class=""jsonValue"">44.951875</span></span></span><span class=""jsonArray"">]</span></span></span><span class=""jsonObject"">}</span></span></span></div><div class=""complexContent""><span class=""jsonObject"">}</span></div></div></div>",15-APR-88,single,M,"G: 130,000 - 149,999"
171,Hema,Powell,[unsupported data type],[unsupported data type],us,AMERICA,1200,Hema.Powell@SANDERLING.EXAMPLE.COM,145,"<div><span class=""complexContent"" style=""display: none;""><a class=""openClose"" href=""#"" title=""Show Children""><span class=""xml-icon right-arrow""></span></a><span class=""jsonObject"">{</span><span class=""textValue""> ... </span><span class=""jsonObject"">}</span></span><div class=""complexContent""><a class=""openClose"" href=""#"" title=""Hide Children""><span class=""xml-icon down-arrow""></span></a><span class=""jsonObject"">{</span><div><span class=""repeatingContent""><span class=""jsonQuote"">""</span><span class=""jsonName"">srid</span><span class=""jsonQuote"">""</span><span class=""jsonSeperator""> : </span><span class=""jsonValue"">8307</span><span class=""jsonSeperator"">,</span></span></div><div><span><span class=""repeatingContent""><span class=""jsonQuote"">""</span><span class=""jsonName"">point</span><span class=""jsonQuote"">""</span><span class=""jsonSeperator""> : </span><span class=""jsonObject"">{</span><span><span class=""singletonContent""><span class=""jsonQuote"">""</span><span class=""jsonName"">directposition</span><span class=""jsonQuote"">""</span><span class=""jsonSeperator""> : </span><span class=""jsonArray"">[</span><span class=""singletonContent""><span class=""jsonValue"">-92.46698</span><span class=""jsonSeperator"">,</span><span class=""singletonContent""><span class=""jsonValue"">44.021392</span></span></span><span class=""jsonArray"">]</span></span></span><span class=""jsonObject"">}</span></span></span></div><div class=""complexContent""><span class=""jsonObject"">}</span></div></div></div>",05-MAY-53,married,M,"D: 70,000 - 89,999"
172,Harry Mean,Peckinpah,[unsupported data type],[unsupported data type],us,AMERICA,1200,HarryMean.Peckinpah@VERDIN.EXAMPLE.COM,145, - ,15-MAY-59,single,M,"I: 170,000 - 189,999"
174,Blake,Seignier,[unsupported data type],[unsupported data type],us,AMERICA,1200,Blake.Seignier@GALLINULE.EXAMPLE.COM,149,"<div><span class=""complexContent"" style=""display: none;""><a class=""openClose"" href=""#"" title=""Show Children""><span class=""xml-icon right-arrow""></span></a><span class=""jsonObject"">{</span><span class=""textValue""> ... </span><span class=""jsonObject"">}</span></span><div class=""complexContent""><a class=""openClose"" href=""#"" title=""Hide Children""><span class=""xml-icon down-arrow""></span></a><span class=""jsonObject"">{</span><div><span class=""repeatingContent""><span class=""jsonQuote"">""</span><span class=""jsonName"">srid</span><span class=""jsonQuote"">""</span><span class=""jsonSeperator""> : </span><span class=""jsonValue"">8307</span><span class=""jsonSeperator"">,</span></span></div><div><span><span class=""repeatingContent""><span class=""jsonQuote"">""</span><span class=""jsonName"">point</span><span class=""jsonQuote"">""</span><span class=""jsonSeperator""> : </span><span class=""jsonObject"">{</span><span><span class=""singletonContent""><span class=""jsonQuote"">""</span><span class=""jsonName"">directposition</span><span class=""jsonQuote"">""</span><span class=""jsonSeperator""> : </span><span class=""jsonArray"">[</span><span class=""singletonContent""><span class=""jsonValue"">-76.14607</span><span class=""jsonSeperator"">,</span><span class=""singletonContent""><span class=""jsonValue"">43.106533</span></span></span><span class=""jsonArray"">]</span></span></span><span class=""jsonObject"">}</span></span></span></div><div class=""complexContent""><span class=""jsonObject"">}</span></div></div></div>",14-JUN-88,single,M,"H: 150,000 - 169,999"
175,Claude,Powell,[unsupported data type],[unsupported data type],us,AMERICA,1200,Claude.Powell@GODWIT.EXAMPLE.COM,149,"<div><span class=""complexContent"" style=""display: none;""><a class=""openClose"" href=""#"" title=""Show Children""><span class=""xml-icon right-arrow""></span></a><span class=""jsonObject"">{</span><span class=""textValue""> ... </span><span class=""jsonObject"">}</span></span><div class=""complexContent""><a class=""openClose"" href=""#"" title=""Hide Children""><span class=""xml-icon down-arrow""></span></a><span class=""jsonObject"">{</span><div><span class=""repeatingContent""><span class=""jsonQuote"">""</span><span class=""jsonName"">srid</span><span class=""jsonQuote"">""</span><span class=""jsonSeperator""> : </span><span class=""jsonValue"">8307</span><span class=""jsonSeperator"">,</span></span></div><div><span><span class=""repeatingContent""><span class=""jsonQuote"">""</span><span class=""jsonName"">point</span><span class=""jsonQuote"">""</span><span class=""jsonSeperator""> : </span><span class=""jsonObject"">{</span><span><span class=""singletonContent""><span class=""jsonQuote"">""</span><span class=""jsonName"">directposition</span><span class=""jsonQuote"">""</span><span class=""jsonSeperator""> : </span><span class=""jsonArray"">[</span><span class=""singletonContent""><span class=""jsonValue"">-76.19845</span><span class=""jsonSeperator"">,</span><span class=""singletonContent""><span class=""jsonValue"">43.047707</span></span></span><span class=""jsonArray"">]</span></span></span><span class=""jsonObject"">}</span></span></span></div><div class=""complexContent""><span class=""jsonObject"">}</span></div></div></div>",04-JUL-46,married,M,"F: 110,000 - 129,999"
176,Faye,Glenn,[unsupported data type],[unsupported data type],us,AMERICA,1200,Faye.Glenn@GREBE.EXAMPLE.COM,149,"<div><span class=""complexContent"" style=""display: none;""><a class=""openClose"" href=""#"" title=""Show Children""><span class=""xml-icon right-arrow""></span></a><span class=""jsonObject"">{</span><span class=""textValue""> ... </span><span class=""jsonObject"">}</span></span><div class=""complexContent""><a class=""openClose"" href=""#"" title=""Hide Children""><span class=""xml-icon down-arrow""></span></a><span class=""jsonObject"">{</span><div><span class=""repeatingContent""><span class=""jsonQuote"">""</span><span class=""jsonName"">srid</span><span class=""jsonQuote"">""</span><span class=""jsonSeperator""> : </span><span class=""jsonValue"">8307</span><span class=""jsonSeperator"">,</span></span></div><div><span><span class=""repeatingContent""><span class=""jsonQuote"">""</span><span class=""jsonName"">point</span><span class=""jsonQuote"">""</span><span class=""jsonSeperator""> : </span><span class=""jsonObject"">{</span><span><span class=""singletonContent""><span class=""jsonQuote"">""</span><span class=""jsonName"">directposition</span><span class=""jsonQuote"">""</span><span class=""jsonSeperator""> : </span><span class=""jsonArray"">[</span><span class=""singletonContent""><span class=""jsonValue"">-79.05241</span><span class=""jsonSeperator"">,</span><span class=""singletonContent""><span class=""jsonValue"">43.102789</span></span></span><span class=""jsonArray"">]</span></span></span><span class=""jsonObject"">}</span></span></span></div><div class=""complexContent""><span class=""jsonObject"">}</span></div></div></div>",14-JUL-47,single,F,"B: 30,000 - 49,999"
177,Gerhard,Seignier,[unsupported data type],[unsupported data type],us,AMERICA,1200,Gerhard.Seignier@JACANA.EXAMPLE.COM,149,"<div><span class=""complexContent"" style=""display: none;""><a class=""openClose"" href=""#"" title=""Show Children""><span class=""xml-icon right-arrow""></span></a><span class=""jsonObject"">{</span><span class=""textValue""> ... </span><span class=""jsonObject"">}</span></span><div class=""complexContent""><a class=""openClose"" href=""#"" title=""Hide Children""><span class=""xml-icon down-arrow""></span></a><span class=""jsonObject"">{</span><div><span class=""repeatingContent""><span class=""jsonQuote"">""</span><span class=""jsonName"">srid</span><span class=""jsonQuote"">""</span><span class=""jsonSeperator""> : </span><span class=""jsonValue"">8307</span><span class=""jsonSeperator"">,</span></span></div><div><span><span class=""repeatingContent""><span class=""jsonQuote"">""</span><span class=""jsonName"">point</span><span class=""jsonQuote"">""</span><span class=""jsonSeperator""> : </span><span class=""jsonObject"">{</span><span><span class=""singletonContent""><span class=""jsonQuote"">""</span><span class=""jsonName"">directposition</span><span class=""jsonQuote"">""</span><span class=""jsonSeperator""> : </span><span class=""jsonArray"">[</span><span class=""singletonContent""><span class=""jsonValue"">-73.7927</span><span class=""jsonSeperator"">,</span><span class=""singletonContent""><span class=""jsonValue"">42.668507</span></span></span><span class=""jsonArray"">]</span></span></span><span class=""jsonObject"">}</span></span></span></div><div class=""complexContent""><span class=""jsonObject"">}</span></div></div></div>",03-AUG-78,married,M,"E: 90,000 - 109,999"
179,Harry dean,Forrest,[unsupported data type],[unsupported data type],us,AMERICA,1200,Harrydean.Forrest@KISKADEE.EXAMPLE.COM,149,"<div><span class=""complexContent"" style=""display: none;""><a class=""openClose"" href=""#"" title=""Show Children""><span class=""xml-icon right-arrow""></span></a><span class=""jsonObject"">{</span><span class=""textValue""> ... </span><span class=""jsonObject"">}</span></span><div class=""complexContent""><a class=""openClose"" href=""#"" title=""Hide Children""><span class=""xml-icon down-arrow""></span></a><span class=""jsonObject"">{</span><div><span class=""repeatingContent""><span class=""jsonQuote"">""</span><span class=""jsonName"">srid</span><span class=""jsonQuote"">""</span><span class=""jsonSeperator""> : </span><span class=""jsonValue"">8307</span><span class=""jsonSeperator"">,</span></span></div><div><span><span class=""repeatingContent""><span class=""jsonQuote"">""</span><span class=""jsonName"">point</span><span class=""jsonQuote"">""</span><span class=""jsonSeperator""> : </span><span class=""jsonObject"">{</span><span><span class=""singletonContent""><span class=""jsonQuote"">""</span><span class=""jsonName"">directposition</span><span class=""jsonQuote"">""</span><span class=""jsonSeperator""> : </span><span class=""jsonArray"">[</span><span class=""singletonContent""><span class=""jsonValue"">-73.76188</span><span class=""jsonSeperator"">,</span><span class=""singletonContent""><span class=""jsonValue"">42.658418</span></span></span><span class=""jsonArray"">]</span></span></span><span class=""jsonObject"">}</span></span></span></div><div class=""complexContent""><span class=""jsonObject"">}</span></div></div></div>",12-SEP-74,single,M,"G: 130,000 - 149,999"
180,Harry dean,Cage,[unsupported data type],[unsupported data type],us,AMERICA,1200,Harrydean.Cage@LAPWING.EXAMPLE.COM,149,"<div><span class=""complexContent"" style=""display: none;""><a class=""openClose"" href=""#"" title=""Show Children""><span class=""xml-icon right-arrow""></span></a><span class=""jsonObject"">{</span><span class=""textValue""> ... </span><span class=""jsonObject"">}</span></span><div class=""complexContent""><a class=""openClose"" href=""#"" title=""Hide Children""><span class=""xml-icon down-arrow""></span></a><span class=""jsonObject"">{</span><div><span class=""repeatingContent""><span class=""jsonQuote"">""</span><span class=""jsonName"">srid</span><span class=""jsonQuote"">""</span><span class=""jsonSeperator""> : </span><span class=""jsonValue"">8307</span><span class=""jsonSeperator"">,</span></span></div><div><span><span class=""repeatingContent""><span class=""jsonQuote"">""</span><span class=""jsonName"">point</span><span class=""jsonQuote"">""</span><span class=""jsonSeperator""> : </span><span class=""jsonObject"">{</span><span><span class=""singletonContent""><span class=""jsonQuote"">""</span><span class=""jsonName"">directposition</span><span class=""jsonQuote"">""</span><span class=""jsonSeperator""> : </span><span class=""jsonArray"">[</span><span class=""singletonContent""><span class=""jsonValue"">-73.928561</span><span class=""jsonSeperator"">,</span><span class=""singletonContent""><span class=""jsonValue"">41.723468</span></span></span><span class=""jsonArray"">]</span></span></span><span class=""jsonObject"">}</span></span></span></div><div class=""complexContent""><span class=""jsonObject"">}</span></div></div></div>",02-OCT-75,married,F,"F: 110,000 - 129,999"
181,Lauren,Hershey,[unsupported data type],[unsupported data type],us,AMERICA,1200,Lauren.Hershey@LIMPKIN.EXAMPLE.COM,149,"<div><span class=""complexContent"" style=""display: none;""><a class=""openClose"" href=""#"" title=""Show Children""><span class=""xml-icon right-arrow""></span></a><span class=""jsonObject"">{</span><span class=""textValue""> ... </span><span class=""jsonObject"">}</span></span><div class=""complexContent""><a class=""openClose"" href=""#"" title=""Hide Children""><span class=""xml-icon down-arrow""></span></a><span class=""jsonObject"">{</span><div><span class=""repeatingContent""><span class=""jsonQuote"">""</span><span class=""jsonName"">srid</span><span class=""jsonQuote"">""</span><span class=""jsonSeperator""> : </span><span class=""jsonValue"">8307</span><span class=""jsonSeperator"">,</span></span></div><div><span><span class=""repeatingContent""><span class=""jsonQuote"">""</span><span class=""jsonName"">point</span><span class=""jsonQuote"">""</span><span class=""jsonSeperator""> : </span><span class=""jsonObject"">{</span><span><span class=""singletonContent""><span class=""jsonQuote"">""</span><span class=""jsonName"">directposition</span><span class=""jsonQuote"">""</span><span class=""jsonSeperator""> : </span><span class=""jsonArray"">[</span><span class=""singletonContent""><span class=""jsonValue"">-73.91984</span><span class=""jsonSeperator"">,</span><span class=""singletonContent""><span class=""jsonValue"">42.833987</span></span></span><span class=""jsonArray"">]</span></span></span><span class=""jsonObject"">}</span></span></span></div><div class=""complexContent""><span class=""jsonObject"">}</span></div></div></div>",12-OCT-65,single,F,"H: 150,000 - 169,999"
183,Lauren,Altman,[unsupported data type],[unsupported data type],us,AMERICA,1200,Lauren.Altman@MERGANSER.EXAMPLE.COM,149,"<div><span class=""complexContent"" style=""display: none;""><a class=""openClose"" href=""#"" title=""Show Children""><span class=""xml-icon right-arrow""></span></a><span class=""jsonObject"">{</span><span class=""textValue""> ... </span><span class=""jsonObject"">}</span></span><div class=""complexContent""><a class=""openClose"" href=""#"" title=""Hide Children""><span class=""xml-icon down-arrow""></span></a><span class=""jsonObject"">{</span><div><span class=""repeatingContent""><span class=""jsonQuote"">""</span><span class=""jsonName"">srid</span><span class=""jsonQuote"">""</span><span class=""jsonSeperator""> : </span><span class=""jsonValue"">8307</span><span class=""jsonSeperator"">,</span></span></div><div><span><span class=""repeatingContent""><span class=""jsonQuote"">""</span><span class=""jsonName"">point</span><span class=""jsonQuote"">""</span><span class=""jsonSeperator""> : </span><span class=""jsonObject"">{</span><span><span class=""singletonContent""><span class=""jsonQuote"">""</span><span class=""jsonName"">directposition</span><span class=""jsonQuote"">""</span><span class=""jsonSeperator""> : </span><span class=""jsonArray"">[</span><span class=""singletonContent""><span class=""jsonValue"">-73.89811</span><span class=""jsonSeperator"">,</span><span class=""singletonContent""><span class=""jsonValue"">40.933646</span></span></span><span class=""jsonArray"">]</span></span></span><span class=""jsonObject"">}</span></span></span></div><div class=""complexContent""><span class=""jsonObject"">}</span></div></div></div>",01-NOV-68,married,F,"C: 50,000 - 69,999"
184,Mary Beth,Roberts,[unsupported data type],[unsupported data type],us,AMERICA,1200,MaryBeth.Roberts@NUTHATCH.EXAMPLE.COM,149,"<div><span class=""complexContent"" style=""display: none;""><a class=""openClose"" href=""#"" title=""Show Children""><span class=""xml-icon right-arrow""></span></a><span class=""jsonObject"">{</span><span class=""textValue""> ... </span><span class=""jsonObject"">}</span></span><div class=""complexContent""><a class=""openClose"" href=""#"" title=""Hide Children""><span class=""xml-icon down-arrow""></span></a><span class=""jsonObject"">{</span><div><span class=""repeatingContent""><span class=""jsonQuote"">""</span><span class=""jsonName"">srid</span><span class=""jsonQuote"">""</span><span class=""jsonSeperator""> : </span><span class=""jsonValue"">8307</span><span class=""jsonSeperator"">,</span></span></div><div><span><span class=""repeatingContent""><span class=""jsonQuote"">""</span><span class=""jsonName"">point</span><span class=""jsonQuote"">""</span><span class=""jsonSeperator""> : </span><span class=""jsonObject"">{</span><span><span class=""singletonContent""><span class=""jsonQuote"">""</span><span class=""jsonName"">directposition</span><span class=""jsonQuote"">""</span><span class=""jsonSeperator""> : </span><span class=""jsonArray"">[</span><span class=""singletonContent""><span class=""jsonValue"">-76.15252</span><span class=""jsonSeperator"">,</span><span class=""singletonContent""><span class=""jsonValue"">43.044258</span></span></span><span class=""jsonArray"">]</span></span></span><span class=""jsonObject"">}</span></span></span></div><div class=""complexContent""><span class=""jsonObject"">}</span></div></div></div>",11-NOV-27,single,M,"A: Below 30,000"
262,Fred,Reynolds,[unsupported data type],[unsupported data type],us,AMERICA,3600,Fred.Reynolds@WATERTHRUSH.EXAMPLE.COM,149,"<div><span class=""complexContent"" style=""display: none;""><a class=""openClose"" href=""#"" title=""Show Children""><span class=""xml-icon right-arrow""></span></a><span class=""jsonObject"">{</span><span class=""textValue""> ... </span><span class=""jsonObject"">}</span></span><div class=""complexContent""><a class=""openClose"" href=""#"" title=""Hide Children""><span class=""xml-icon down-arrow""></span></a><span class=""jsonObject"">{</span><div><span class=""repeatingContent""><span class=""jsonQuote"">""</span><span class=""jsonName"">srid</span><span class=""jsonQuote"">""</span><span class=""jsonSeperator""> : </span><span class=""jsonValue"">8307</span><span class=""jsonSeperator"">,</span></span></div><div><span><span class=""repeatingContent""><span class=""jsonQuote"">""</span><span class=""jsonName"">point</span><span class=""jsonQuote"">""</span><span class=""jsonSeperator""> : </span><span class=""jsonObject"">{</span><span><span class=""singletonContent""><span class=""jsonQuote"">""</span><span class=""jsonName"">directposition</span><span class=""jsonQuote"">""</span><span class=""jsonSeperator""> : </span><span class=""jsonArray"">[</span><span class=""singletonContent""><span class=""jsonValue"">-78.77288</span><span class=""jsonSeperator"">,</span><span class=""singletonContent""><span class=""jsonValue"">43.103915</span></span></span><span class=""jsonArray"">]</span></span></span><span class=""jsonObject"">}</span></span></span></div><div class=""complexContent""><span class=""jsonObject"">}</span></div></div></div>",13-JUL-58,married,M,"F: 110,000 - 129,999"
263,Fred,Lithgow,[unsupported data type],[unsupported data type],us,AMERICA,3600,Fred.Lithgow@WHIMBREL.EXAMPLE.COM,149,"<div><span class=""complexContent"" style=""display: none;""><a class=""openClose"" href=""#"" title=""Show Children""><span class=""xml-icon right-arrow""></span></a><span class=""jsonObject"">{</span><span class=""textValue""> ... </span><span class=""jsonObject"">}</span></span><div class=""complexContent""><a class=""openClose"" href=""#"" title=""Hide Children""><span class=""xml-icon down-arrow""></span></a><span class=""jsonObject"">{</span><div><span class=""repeatingContent""><span class=""jsonQuote"">""</span><span class=""jsonName"">srid</span><span class=""jsonQuote"">""</span><span class=""jsonSeperator""> : </span><span class=""jsonValue"">8307</span><span class=""jsonSeperator"">,</span></span></div><div><span><span class=""repeatingContent""><span class=""jsonQuote"">""</span><span class=""jsonName"">point</span><span class=""jsonQuote"">""</span><span class=""jsonSeperator""> : </span><span class=""jsonObject"">{</span><span><span class=""singletonContent""><span class=""jsonQuote"">""</span><span class=""jsonName"">directposition</span><span class=""jsonQuote"">""</span><span class=""jsonSeperator""> : </span><span class=""jsonArray"">[</span><span class=""singletonContent""><span class=""jsonValue"">-79.973484</span><span class=""jsonSeperator"">,</span><span class=""singletonContent""><span class=""jsonValue"">40.488173</span></span></span><span class=""jsonArray"">]</span></span></span><span class=""jsonObject"">}</span></span></span></div><div class=""complexContent""><span class=""jsonObject"">}</span></div></div></div>",23-JUL-79,single,M,"D: 70,000 - 89,999"
265,Irene,Laughton,[unsupported data type],[unsupported data type],us,AMERICA,3600,Irene.Laughton@ANHINGA.EXAMPLE.COM,149,"<div><span class=""complexContent"" style=""display: none;""><a class=""openClose"" href=""#"" title=""Show Children""><span class=""xml-icon right-arrow""></span></a><span class=""jsonObject"">{</span><span class=""textValue""> ... </span><span class=""jsonObject"">}</span></span><div class=""complexContent""><a class=""openClose"" href=""#"" title=""Hide Children""><span class=""xml-icon down-arrow""></span></a><span class=""jsonObject"">{</span><div><span class=""repeatingContent""><span class=""jsonQuote"">""</span><span class=""jsonName"">srid</span><span class=""jsonQuote"">""</span><span class=""jsonSeperator""> : </span><span class=""jsonValue"">8307</span><span class=""jsonSeperator"">,</span></span></div><div><span><span class=""repeatingContent""><span class=""jsonQuote"">""</span><span class=""jsonName"">point</span><span class=""jsonQuote"">""</span><span class=""jsonSeperator""> : </span><span class=""jsonObject"">{</span><span><span class=""singletonContent""><span class=""jsonQuote"">""</span><span class=""jsonName"">directposition</span><span class=""jsonQuote"">""</span><span class=""jsonSeperator""> : </span><span class=""jsonArray"">[</span><span class=""singletonContent""><span class=""jsonValue"">-75.146</span><span class=""jsonSeperator"">,</span><span class=""singletonContent""><span class=""jsonValue"">39.972648</span></span></span><span class=""jsonArray"">]</span></span></span><span class=""jsonObject"">}</span></span></span></div><div class=""complexContent""><span class=""jsonObject"">}</span></div></div></div>",22-AUG-73,single,F,"J: 190,000 - 249,999"
266,Prem,Cardinale,[unsupported data type],[unsupported data type],us,AMERICA,3700,Prem.Cardinale@BITTERN.EXAMPLE.COM,149,"<div><span class=""complexContent"" style=""display: none;""><a class=""openClose"" href=""#"" title=""Show Children""><span class=""xml-icon right-arrow""></span></a><span class=""jsonObject"">{</span><span class=""textValue""> ... </span><span class=""jsonObject"">}</span></span><div class=""complexContent""><a class=""openClose"" href=""#"" title=""Hide Children""><span class=""xml-icon down-arrow""></span></a><span class=""jsonObject"">{</span><div><span class=""repeatingContent""><span class=""jsonQuote"">""</span><span class=""jsonName"">srid</span><span class=""jsonQuote"">""</span><span class=""jsonSeperator""> : </span><span class=""jsonValue"">8307</span><span class=""jsonSeperator"">,</span></span></div><div><span><span class=""repeatingContent""><span class=""jsonQuote"">""</span><span class=""jsonName"">point</span><span class=""jsonQuote"">""</span><span class=""jsonSeperator""> : </span><span class=""jsonObject"">{</span><span><span class=""singletonContent""><span class=""jsonQuote"">""</span><span class=""jsonName"">directposition</span><span class=""jsonQuote"">""</span><span class=""jsonSeperator""> : </span><span class=""jsonArray"">[</span><span class=""singletonContent""><span class=""jsonValue"">-79.093419</span><span class=""jsonSeperator"">,</span><span class=""singletonContent""><span class=""jsonValue"">41.836445</span></span></span><span class=""jsonArray"">]</span></span></span><span class=""jsonObject"">}</span></span></span></div><div class=""complexContent""><span class=""jsonObject"">}</span></div></div></div>",01-SEP-70,single,M,"L: 300,000 and above"
267,Prem,Walken,[unsupported data type],[unsupported data type],us,AMERICA,3700,Prem.Walken@BRANT.EXAMPLE.COM,145,"<div><span class=""complexContent"" style=""display: none;""><a class=""openClose"" href=""#"" title=""Show Children""><span class=""xml-icon right-arrow""></span></a><span class=""jsonObject"">{</span><span class=""textValue""> ... </span><span class=""jsonObject"">}</span></span><div class=""complexContent""><a class=""openClose"" href=""#"" title=""Hide Children""><span class=""xml-icon down-arrow""></span></a><span class=""jsonObject"">{</span><div><span class=""repeatingContent""><span class=""jsonQuote"">""</span><span class=""jsonName"">srid</span><span class=""jsonQuote"">""</span><span class=""jsonSeperator""> : </span><span class=""jsonValue"">8307</span><span class=""jsonSeperator"">,</span></span></div><div><span><span class=""repeatingContent""><span class=""jsonQuote"">""</span><span class=""jsonName"">point</span><span class=""jsonQuote"">""</span><span class=""jsonSeperator""> : </span><span class=""jsonObject"">{</span><span><span class=""singletonContent""><span class=""jsonQuote"">""</span><span class=""jsonName"">directposition</span><span class=""jsonQuote"">""</span><span class=""jsonSeperator""> : </span><span class=""jsonArray"">[</span><span class=""singletonContent""><span class=""jsonValue"">-78.74141</span><span class=""jsonSeperator"">,</span><span class=""singletonContent""><span class=""jsonValue"">39.67579</span></span></span><span class=""jsonArray"">]</span></span></span><span class=""jsonObject"">}</span></span></span></div><div class=""complexContent""><span class=""jsonObject"">}</span></div></div></div>",11-SEP-53,married,F,"G: 130,000 - 149,999"
268,Kyle,Schneider,[unsupported data type],[unsupported data type],us,AMERICA,3700,Kyle.Schneider@DUNLIN.EXAMPLE.COM,145,"<div><span class=""complexContent"" style=""display: none;""><a class=""openClose"" href=""#"" title=""Show Children""><span class=""xml-icon right-arrow""></span></a><span class=""jsonObject"">{</span><span class=""textValue""> ... </span><span class=""jsonObject"">}</span></span><div class=""complexContent""><a class=""openClose"" href=""#"" title=""Hide Children""><span class=""xml-icon down-arrow""></span></a><span class=""jsonObject"">{</span><div><span class=""repeatingContent""><span class=""jsonQuote"">""</span><span class=""jsonName"">srid</span><span class=""jsonQuote"">""</span><span class=""jsonSeperator""> : </span><span class=""jsonValue"">8307</span><span class=""jsonSeperator"">,</span></span></div><div><span><span class=""repeatingContent""><span class=""jsonQuote"">""</span><span class=""jsonName"">point</span><span class=""jsonQuote"">""</span><span class=""jsonSeperator""> : </span><span class=""jsonObject"">{</span><span><span class=""singletonContent""><span class=""jsonQuote"">""</span><span class=""jsonName"">directposition</span><span class=""jsonQuote"">""</span><span class=""jsonSeperator""> : </span><span class=""jsonArray"">[</span><span class=""singletonContent""><span class=""jsonValue"">-83.114655</span><span class=""jsonSeperator"">,</span><span class=""singletonContent""><span class=""jsonValue"">42.379998</span></span></span><span class=""jsonArray"">]</span></span></span><span class=""jsonObject"">}</span></span></span></div><div class=""complexContent""><span class=""jsonObject"">}</span></div></div></div>",21-SEP-52,single,F,"G: 130,000 - 149,999"
270,Meg,Derek,[unsupported data type],[unsupported data type],us,AMERICA,3700,Meg.Derek@FLICKER.EXAMPLE.COM,145,"<div><span class=""complexContent"" style=""display: none;""><a class=""openClose"" href=""#"" title=""Show Children""><span class=""xml-icon right-arrow""></span></a><span class=""jsonObject"">{</span><span class=""textValue""> ... </span><span class=""jsonObject"">}</span></span><div class=""complexContent""><a class=""openClose"" href=""#"" title=""Hide Children""><span class=""xml-icon down-arrow""></span></a><span class=""jsonObject"">{</span><div><span class=""repeatingContent""><span class=""jsonQuote"">""</span><span class=""jsonName"">srid</span><span class=""jsonQuote"">""</span><span class=""jsonSeperator""> : </span><span class=""jsonValue"">8307</span><span class=""jsonSeperator"">,</span></span></div><div><span><span class=""repeatingContent""><span class=""jsonQuote"">""</span><span class=""jsonName"">point</span><span class=""jsonQuote"">""</span><span class=""jsonSeperator""> : </span><span class=""jsonObject"">{</span><span><span class=""singletonContent""><span class=""jsonQuote"">""</span><span class=""jsonName"">directposition</span><span class=""jsonQuote"">""</span><span class=""jsonSeperator""> : </span><span class=""jsonArray"">[</span><span class=""singletonContent""><span class=""jsonValue"">-85.23775</span><span class=""jsonSeperator"">,</span><span class=""singletonContent""><span class=""jsonValue"">42.419583</span></span></span><span class=""jsonArray"">]</span></span></span><span class=""jsonObject"">}</span></span></span></div><div class=""complexContent""><span class=""jsonObject"">}</span></div></div></div>",10-NOV-71,married,M,"F: 110,000 - 129,999"
271,Shelley,Peckinpah,[unsupported data type],[unsupported data type],us,AMERICA,3700,Shelley.Peckinpah@GODWIT.EXAMPLE.COM,145,"<div><span class=""complexContent"" style=""display: none;""><a class=""openClose"" href=""#"" title=""Show Children""><span class=""xml-icon right-arrow""></span></a><span class=""jsonObject"">{</span><span class=""textValue""> ... </span><span class=""jsonObject"">}</span></span><div class=""complexContent""><a class=""openClose"" href=""#"" title=""Hide Children""><span class=""xml-icon down-arrow""></span></a><span class=""jsonObject"">{</span><div><span class=""repeatingContent""><span class=""jsonQuote"">""</span><span class=""jsonName"">srid</span><span class=""jsonQuote"">""</span><span class=""jsonSeperator""> : </span><span class=""jsonValue"">8307</span><span class=""jsonSeperator"">,</span></span></div><div><span><span class=""repeatingContent""><span class=""jsonQuote"">""</span><span class=""jsonName"">point</span><span class=""jsonQuote"">""</span><span class=""jsonSeperator""> : </span><span class=""jsonObject"">{</span><span><span class=""singletonContent""><span class=""jsonQuote"">""</span><span class=""jsonName"">directposition</span><span class=""jsonQuote"">""</span><span class=""jsonSeperator""> : </span><span class=""jsonArray"">[</span><span class=""singletonContent""><span class=""jsonValue"">-83.319991</span><span class=""jsonSeperator"">,</span><span class=""singletonContent""><span class=""jsonValue"">42.635196</span></span></span><span class=""jsonArray"">]</span></span></span><span class=""jsonObject"">}</span></span></span></div><div class=""complexContent""><span class=""jsonObject"">}</span></div></div></div>",20-NOV-87,single,F,"D: 70,000 - 89,999"
272,Prem,Garcia,[unsupported data type],[unsupported data type],us,AMERICA,3700,Prem.Garcia@JACANA.EXAMPLE.COM,145,"<div><span class=""complexContent"" style=""display: none;""><a class=""openClose"" href=""#"" title=""Show Children""><span class=""xml-icon right-arrow""></span></a><span class=""jsonObject"">{</span><span class=""textValue""> ... </span><span class=""jsonObject"">}</span></span><div class=""complexContent""><a class=""openClose"" href=""#"" title=""Hide Children""><span class=""xml-icon down-arrow""></span></a><span class=""jsonObject"">{</span><div><span class=""repeatingContent""><span class=""jsonQuote"">""</span><span class=""jsonName"">srid</span><span class=""jsonQuote"">""</span><span class=""jsonSeperator""> : </span><span class=""jsonValue"">8307</span><span class=""jsonSeperator"">,</span></span></div><div><span><span class=""repeatingContent""><span class=""jsonQuote"">""</span><span class=""jsonName"">point</span><span class=""jsonQuote"">""</span><span class=""jsonSeperator""> : </span><span class=""jsonObject"">{</span><span><span class=""singletonContent""><span class=""jsonQuote"">""</span><span class=""jsonName"">directposition</span><span class=""jsonQuote"">""</span><span class=""jsonSeperator""> : </span><span class=""jsonArray"">[</span><span class=""singletonContent""><span class=""jsonValue"">-83.045995</span><span class=""jsonSeperator"">,</span><span class=""singletonContent""><span class=""jsonValue"">42.330983</span></span></span><span class=""jsonArray"">]</span></span></span><span class=""jsonObject"">}</span></span></span></div><div class=""complexContent""><span class=""jsonObject"">}</span></div></div></div>",10-DEC-60,married,M,"I: 170,000 - 189,999"
274,Bob,McCarthy,[unsupported data type],[unsupported data type],us,AMERICA,5000,Bob.McCarthy@ANI.EXAMPLE.COM,149,"<div><span class=""complexContent"" style=""display: none;""><a class=""openClose"" href=""#"" title=""Show Children""><span class=""xml-icon right-arrow""></span></a><span class=""jsonObject"">{</span><span class=""textValue""> ... </span><span class=""jsonObject"">}</span></span><div class=""complexContent""><a class=""openClose"" href=""#"" title=""Hide Children""><span class=""xml-icon down-arrow""></span></a><span class=""jsonObject"">{</span><div><span class=""repeatingContent""><span class=""jsonQuote"">""</span><span class=""jsonName"">srid</span><span class=""jsonQuote"">""</span><span class=""jsonSeperator""> : </span><span class=""jsonValue"">8307</span><span class=""jsonSeperator"">,</span></span></div><div><span><span class=""repeatingContent""><span class=""jsonQuote"">""</span><span class=""jsonName"">point</span><span class=""jsonQuote"">""</span><span class=""jsonSeperator""> : </span><span class=""jsonObject"">{</span><span><span class=""singletonContent""><span class=""jsonQuote"">""</span><span class=""jsonName"">directposition</span><span class=""jsonQuote"">""</span><span class=""jsonSeperator""> : </span><span class=""jsonArray"">[</span><span class=""singletonContent""><span class=""jsonValue"">-78.85093</span><span class=""jsonSeperator"">,</span><span class=""singletonContent""><span class=""jsonValue"">42.876154</span></span></span><span class=""jsonArray"">]</span></span></span><span class=""jsonObject"">}</span></span></span></div><div class=""complexContent""><span class=""jsonObject"">}</span></div></div></div>",19-JAN-46,single,M,"A: Below 30,000"
275,Dom,McQueen,[unsupported data type],[unsupported data type],us,AMERICA,5000,Dom.McQueen@AUKLET.EXAMPLE.COM,149,"<div><span class=""complexContent"" style=""display: none;""><a class=""openClose"" href=""#"" title=""Show Children""><span class=""xml-icon right-arrow""></span></a><span class=""jsonObject"">{</span><span class=""textValue""> ... </span><span class=""jsonObject"">}</span></span><div class=""complexContent""><a class=""openClose"" href=""#"" title=""Hide Children""><span class=""xml-icon down-arrow""></span></a><span class=""jsonObject"">{</span><div><span class=""repeatingContent""><span class=""jsonQuote"">""</span><span class=""jsonName"">srid</span><span class=""jsonQuote"">""</span><span class=""jsonSeperator""> : </span><span class=""jsonValue"">8307</span><span class=""jsonSeperator"">,</span></span></div><div><span><span class=""repeatingContent""><span class=""jsonQuote"">""</span><span class=""jsonName"">point</span><span class=""jsonQuote"">""</span><span class=""jsonSeperator""> : </span><span class=""jsonObject"">{</span><span><span class=""singletonContent""><span class=""jsonQuote"">""</span><span class=""jsonName"">directposition</span><span class=""jsonQuote"">""</span><span class=""jsonSeperator""> : </span><span class=""jsonArray"">[</span><span class=""singletonContent""><span class=""jsonValue"">-73.81064</span><span class=""jsonSeperator"">,</span><span class=""singletonContent""><span class=""jsonValue"">42.719449</span></span></span><span class=""jsonArray"">]</span></span></span><span class=""jsonObject"">}</span></span></span></div><div class=""complexContent""><span class=""jsonObject"">}</span></div></div></div>",08-FEB-84,married,F,"G: 130,000 - 149,999"
276,Dom,Hoskins,[unsupported data type],[unsupported data type],us,AMERICA,5000,Dom.Hoskins@AVOCET.EXAMPLE.COM,149,"<div><span class=""complexContent"" style=""display: none;""><a class=""openClose"" href=""#"" title=""Show Children""><span class=""xml-icon right-arrow""></span></a><span class=""jsonObject"">{</span><span class=""textValue""> ... </span><span class=""jsonObject"">}</span></span><div class=""complexContent""><a class=""openClose"" href=""#"" title=""Hide Children""><span class=""xml-icon down-arrow""></span></a><span class=""jsonObject"">{</span><div><span class=""repeatingContent""><span class=""jsonQuote"">""</span><span class=""jsonName"">srid</span><span class=""jsonQuote"">""</span><span class=""jsonSeperator""> : </span><span class=""jsonValue"">8307</span><span class=""jsonSeperator"">,</span></span></div><div><span><span class=""repeatingContent""><span class=""jsonQuote"">""</span><span class=""jsonName"">point</span><span class=""jsonQuote"">""</span><span class=""jsonSeperator""> : </span><span class=""jsonObject"">{</span><span><span class=""singletonContent""><span class=""jsonQuote"">""</span><span class=""jsonName"">directposition</span><span class=""jsonQuote"">""</span><span class=""jsonSeperator""> : </span><span class=""jsonArray"">[</span><span class=""singletonContent""><span class=""jsonValue"">-73.91715</span><span class=""jsonSeperator"">,</span><span class=""singletonContent""><span class=""jsonValue"">42.806965</span></span></span><span class=""jsonArray"">]</span></span></span><span class=""jsonObject"">}</span></span></span></div><div class=""complexContent""><span class=""jsonObject"">}</span></div></div></div>",10-MAR-51,married,M,"E: 90,000 - 109,999"
101,Constantin,Welles,[unsupported data type],[unsupported data type],us,AMERICA,100,Constantin.Welles@ANHINGA.EXAMPLE.COM,145,"<div><span class=""complexContent"" style=""display: none;""><a class=""openClose"" href=""#"" title=""Show Children""><span class=""xml-icon right-arrow""></span></a><span class=""jsonObject"">{</span><span class=""textValue""> ... </span><span class=""jsonObject"">}</span></span><div class=""complexContent""><a class=""openClose"" href=""#"" title=""Hide Children""><span class=""xml-icon down-arrow""></span></a><span class=""jsonObject"">{</span><div><span class=""repeatingContent""><span class=""jsonQuote"">""</span><span class=""jsonName"">srid</span><span class=""jsonQuote"">""</span><span class=""jsonSeperator""> : </span><span class=""jsonValue"">8307</span><span class=""jsonSeperator"">,</span></span></div><div><span><span class=""repeatingContent""><span class=""jsonQuote"">""</span><span class=""jsonName"">point</span><span class=""jsonQuote"">""</span><span class=""jsonSeperator""> : </span><span class=""jsonObject"">{</span><span><span class=""singletonContent""><span class=""jsonQuote"">""</span><span class=""jsonName"">directposition</span><span class=""jsonQuote"">""</span><span class=""jsonSeperator""> : </span><span class=""jsonArray"">[</span><span class=""singletonContent""><span class=""jsonValue"">-86.13631</span><span class=""jsonSeperator"">,</span><span class=""singletonContent""><span class=""jsonValue"">40.485424</span></span></span><span class=""jsonArray"">]</span></span></span><span class=""jsonObject"">}</span></span></span></div><div class=""complexContent""><span class=""jsonObject"">}</span></div></div></div>",20-FEB-72,married,M,"B: 30,000 - 49,999"
102,Harrison,Pacino,[unsupported data type],[unsupported data type],us,AMERICA,100,Harrison.Pacino@ANI.EXAMPLE.COM,145,"<div><span class=""complexContent"" style=""display: none;""><a class=""openClose"" href=""#"" title=""Show Children""><span class=""xml-icon right-arrow""></span></a><span class=""jsonObject"">{</span><span class=""textValue""> ... </span><span class=""jsonObject"">}</span></span><div class=""complexContent""><a class=""openClose"" href=""#"" title=""Hide Children""><span class=""xml-icon down-arrow""></span></a><span class=""jsonObject"">{</span><div><span class=""repeatingContent""><span class=""jsonQuote"">""</span><span class=""jsonName"">srid</span><span class=""jsonQuote"">""</span><span class=""jsonSeperator""> : </span><span class=""jsonValue"">8307</span><span class=""jsonSeperator"">,</span></span></div><div><span><span class=""repeatingContent""><span class=""jsonQuote"">""</span><span class=""jsonName"">point</span><span class=""jsonQuote"">""</span><span class=""jsonSeperator""> : </span><span class=""jsonObject"">{</span><span><span class=""singletonContent""><span class=""jsonQuote"">""</span><span class=""jsonName"">directposition</span><span class=""jsonQuote"">""</span><span class=""jsonSeperator""> : </span><span class=""jsonArray"">[</span><span class=""singletonContent""><span class=""jsonValue"">-86.120133</span><span class=""jsonSeperator"">,</span><span class=""singletonContent""><span class=""jsonValue"">39.795766</span></span></span><span class=""jsonArray"">]</span></span></span><span class=""jsonObject"">}</span></span></span></div><div class=""complexContent""><span class=""jsonObject"">}</span></div></div></div>",02-MAR-53,single,M,"I: 170,000 - 189,999"
